Date;Open*;High;Low;Close**;Volume;Market Cap
14/02/2014;0,213899;0,378883;0,213899;0,374024;15422;702537
15/02/2014;0,331111;0,354461;0,219434;0,314865;21119;1092120
16/02/2014;0,32584;0,459833;0,310345;0,406976;28017;1085280
17/02/2014;0,406039;1,5;0,402588;1,45;178618;1360260
18/02/2014;1,18;1,5;0,841751;1,04;160779;3960320
19/02/2014;1,04;1,21;0,851995;0,941647;60551;3497850
20/02/2014;0,941944;1,23;0,894865;1,06;93281;3196180
21/02/2014;1,05;1,33;1,02;1,13;83008;3590320
22/02/2014;1,12;1,26;0,696502;1,24;101024;3833460
23/02/2014;1,15;3,36;0,623443;1,15;115234;3945250
24/02/2014;1,18;1,19;0,418532;0,841903;109256;4082000
25/02/2014;0,839383;0,839383;0,527474;0,527474;69493;2902860
26/02/2014;0,620399;0,739818;0,494515;0,619451;49321;2153440
27/02/2014;0,616643;0,742251;0,549852;0,61939;15148;2148350
28/02/2014;0,618662;0,625539;0,458697;0,550661;60517;2163860
01/03/2014;0,549616;1,07;0,528973;0,937342;252311;1929800
02/03/2014;0,936036;1,08;0,815903;1,03;148259;3298980
03/03/2014;1,03;4,4;0,935749;1,21;271197;3651050
04/03/2014;1,21;1,21;0,970883;0,987557;90550;4283970
05/03/2014;0,987192;1,07;0,941151;1,03;93138;3515760
06/03/2014;1,03;1,05;0,952003;1,05;68896;3692890
07/03/2014;1,06;1,1;0,877912;0,877912;112877;3787000
08/03/2014;0,911867;0,953494;0,85686;0,914905;70281;3285680
09/03/2014;0,913189;0,958778;0,806353;0,872964;48781;3296790
10/03/2014;0,872114;0,91216;0,745242;0,810256;45946;3159030
11/03/2014;0,807598;0,922435;0,764712;0,8913;42234;2934810
12/03/2014;0,888208;0,953882;0,858214;0,865936;39530;3238290
13/03/2014;0,865569;0,895094;0,810772;0,833336;31123;3166030
14/03/2014;0,83338;0,84608;0,78516;0,811341;26274;3057150
15/03/2014;0,812077;0,816057;0,739031;0,7912;30817;2979000
16/03/2014;0,791673;0,800764;0,755205;0,775647;39429;2924440
17/03/2014;0,772496;0,821393;0,749368;0,781925;34416;2863030
18/03/2014;0,77927;0,780172;0,730293;0,75221;39252;2897450
19/03/2014;0,750897;0,768236;0,728004;0,743559;35742;2800990
20/03/2014;0,743256;0,755714;0,701852;0,725089;42290;2781320
21/03/2014;0,724498;0,751899;0,679063;0,704648;28087;2719600
22/03/2014;0,704266;0,718955;0,681694;0,71468;24618;2652100
23/03/2014;0,715596;0,728952;0,693478;0,718257;34977;2703390
24/03/2014;0,719851;0,892484;0,700397;0,866518;136677;2727950
25/03/2014;0,868912;0,900979;0,795766;0,8201;78095;3302840
26/03/2014;0,819494;0,870226;0,79043;0,858815;39790;3124140
27/03/2014;0,864728;0,865513;0,6835;0,6835;32991;3305920
28/03/2014;0,692062;0,774768;0,683257;0,697426;27851;2653470
29/03/2014;0,709294;0,728762;0,702573;0,703475;23667;2727370
30/03/2014;0,708306;0,710038;0,612809;0,662486;30985;2731140
31/03/2014;0,665123;0,68689;0,624873;0,641774;15608;2571600
01/04/2014;0,641783;0,747204;0,638385;0,724105;36211;2488370
02/04/2014;0,725259;0,740497;0,589991;0,615044;21722;2819600
03/04/2014;0,614065;0,666765;0,573639;0,638183;18610;2393680
04/04/2014;0,640371;0,662537;0,62528;0,648937;11863;2502840
05/04/2014;0,640305;0,703904;0,620445;0,700444;28674;2509580
06/04/2014;0,700828;0,723713;0,630182;0,641513;13167;2754220
07/04/2014;0,6478;0,64933;0,590722;0,6041;45233;2552670
08/04/2014;0,606079;0,628222;0,580698;0,603018;21411;2395150
09/04/2014;0,603431;0,61673;0,583104;0,587437;9604;2390830
10/04/2014;0,587616;0,591656;0,44896;0,457036;16417;2334430
11/04/2014;0,453743;0,576868;0,441314;0,548907;18946;1807350
12/04/2014;0,548831;0,591372;0,535384;0,571875;18959;2191980
13/04/2014;0,572342;0,576653;0,520363;0,539027;15789;2291840
14/04/2014;0,538982;0,6012;0,521968;0,583917;29214;2164120
15/04/2014;0,587995;0,653352;0,576325;0,647564;28751;2367280
16/04/2014;0,655849;0,687299;0,631659;0,655656;23860;2647720
17/04/2014;0,657735;0,669649;0,610727;0,615856;19435;2662660
18/04/2014;0,618219;1,03;0,612899;0,789777;293384;2509430
19/04/2014;0,794215;0,794215;0,701508;0,736829;57416;3232440
20/04/2014;0,747391;0,754119;0,689135;0,722926;30229;3050050
21/04/2014;0,722222;0,745336;0,673071;0,708118;29266;2955240
22/04/2014;0,707657;0,728795;0,666159;0,722089;72972;2903710
23/04/2014;0,722732;1,01;0,713825;0,873071;196373;2973610
24/04/2014;0,871977;1,15;0,871977;1,06;329106;3596660
25/04/2014;1,06;1,97;1;1,69;794049;4372240
26/04/2014;1,71;2,41;1,39;1,72;1204200;7094160
27/04/2014;1,7;2;1,54;1,71;509028;7054200
28/04/2014;1,67;1,77;1,62;1,67;198793;6957830
29/04/2014;1,67;1,7;1,45;1,64;302458;6952590
30/04/2014;1,63;1,66;1,49;1,54;38202;6827410
01/05/2014;1,54;1,59;1,47;1,52;232684;6438560
02/05/2014;1,51;1,54;1,18;1,35;171901;6343910
03/05/2014;1,35;1,35;1,14;1,2;93670;5661610
04/05/2014;1,19;1,7;1,16;1,55;275743;5002930
05/05/2014;1,56;1,84;1,52;1,67;291678;6598260
06/05/2014;1,68;1,71;1,6;1,61;75746;7096260
07/05/2014;1,61;1,69;1,56;1,63;100953;6817910
08/05/2014;1,61;1,74;1,61;1,65;84669;6841980
09/05/2014;1,65;2,33;1,63;2,23;520876;7011350
10/05/2014;2,23;2,88;2,04;2,57;854388;9492880
11/05/2014;2,54;2,82;2,54;2,57;569871;10825500
12/05/2014;2,56;2,66;2,15;2,47;760914;10934800
13/05/2014;2,47;2,8;2,43;2,77;415759;10560100
14/05/2014;2,75;4,69;2,72;4,01;1721090;11779400
15/05/2014;4,01;7,34;4;5,76;3215550;17183700
16/05/2014;5,84;6,62;4,99;5,92;2408390;25025600
17/05/2014;5,92;6,07;4,11;4,74;1637800;25430500
18/05/2014;4,71;6,38;4,22;6,38;2041030;20236200
19/05/2014;6,48;7,22;6,12;6,94;1655720;27873100
20/05/2014;6,93;7,06;6,13;6,88;1290930;29834300
21/05/2014;6,88;8;6,78;7,99;1414570;29664200
22/05/2014;8;11,23;7,98;11,23;4383980;34518300
23/05/2014;11,15;15,03;11,06;13,49;7267510;48114100
24/05/2014;13,51;13,85;10,63;12,1;3637020;58371700
25/05/2014;12,06;15,15;11,85;15,13;3625030;52126000
26/05/2014;15,02;15,18;8,4;11,29;260919;64986200
27/05/2014;11,27;12,07;8,31;10,57;3730600;48786600
28/05/2014;10,59;10,68;6,94;7,21;3909160;45895300
29/05/2014;7,16;9,94;6,13;9,38;6110000;31060800
30/05/2014;9,38;11,97;8,41;11,05;5769570;40678700
31/05/2014;11,09;12,5;10,99;11,33;2675190;48142000
01/06/2014;11,24;13,75;11,19;12,93;3460750;48841800
02/06/2014;12,92;16;12,73;14,48;4918700;56183900
03/06/2014;14,52;14,67;12,81;13,9;3096930;63173000
04/06/2014;13,83;13,89;12,03;12,5;1454730;60216600
05/06/2014;12,46;12,62;10,61;10,61;1336970;54275500
06/06/2014;10,61;12,1;10,15;11,77;1613890;46236900
07/06/2014;11,8;11,8;10,38;10,38;506101;51452900
08/06/2014;10,42;11;8,75;9,5;1585220;45474400
09/06/2014;9,5;9,82;8,68;9,54;1311350;41476200
10/06/2014;9,56;11,84;9,42;11,65;1541710;41793000
11/06/2014;11,65;11,65;10,27;10,27;724358;50928300
12/06/2014;10,38;11,35;10,02;10,18;895885;45377400
13/06/2014;10,16;10,89;10,16;10,64;426354;44453800
14/06/2014;10,68;10,68;9,78;10,24;514834;46763800
15/06/2014;10,24;10,35;9,54;10,35;274260;44895900
16/06/2014;10,23;10,44;10,09;10,13;427550;44871400
17/06/2014;10,12;10,45;10,04;10,22;305768;44424600
18/06/2014;10,29;10,52;9,91;10,22;475249;45190900
19/06/2014;10,22;11,12;10;10,97;589450;44912000
20/06/2014;10,98;12,4;8,92;10,34;4047720;48306500
21/06/2014;10,24;10,24;8,91;9,29;1003310;45082300
22/06/2014;9,3;9,95;9,27;9,46;287288;40952800
23/06/2014;9,45;10,03;9,45;9,8;345384;41650300
24/06/2014;9,8;9,9;9,44;9,44;327520;43214300
25/06/2014;9,42;9,53;8,99;8,99;243528;41587200
26/06/2014;8,97;10,63;8,97;10;942175;39622400
27/06/2014;10,07;10,25;9,84;10,09;362067;44475800
28/06/2014;9,84;9,86;9,34;9,53;287441;43494000
29/06/2014;9,51;9,73;9,12;9,23;262898;42086500
30/06/2014;9,19;9,44;8,28;8,93;1216120;40669900
01/07/2014;8,93;9,13;7,82;7,9;689084;39564800
02/07/2014;7,97;8,3;6,14;6,99;1070360;35317900
03/07/2014;7;8,37;6,19;7,82;946899;31051700
04/07/2014;7,77;8,05;7,56;7,56;250875;34491300
05/07/2014;7,5;7,54;6,48;7,12;414546;33295300
06/07/2014;7,13;7,33;6,02;6,66;349136;31701100
07/07/2014;6,67;6,87;6,16;6,53;237262;29664700
08/07/2014;6,98;7,64;6,82;7,17;578868;31048700
09/07/2014;7,17;7,41;7,09;7,1;255938;31920700
10/07/2014;7,11;7,15;6,36;6,79;299842;31652000
11/07/2014;6,77;6,98;6,48;6,52;354126;30178400
12/07/2014;6,57;6,7;6,45;6,54;136625;29318500
13/07/2014;6,54;6,65;6,33;6,35;189565;29207800
14/07/2014;6,36;6,44;6,04;6,2;255024;28401500
15/07/2014;6,18;6,46;5,67;6,3;388889;27620600
16/07/2014;6,32;6,5;5,75;6,35;351827;28261700
17/07/2014;6,38;7,78;6,25;7,44;699285;28560700
18/07/2014;7,42;7,9;6,95;7,21;729493;33232100
19/07/2014;7,21;7,23;7;7,06;99443;32320400
20/07/2014;7,06;7,26;6,96;7,11;137239;31670100
21/07/2014;7,11;7,15;6,69;6,77;121175;31914400
22/07/2014;6,76;6,76;6,26;6,41;183517;30373400
23/07/2014;6,4;6,69;6,35;6,37;134307;28768400
24/07/2014;6,37;6,49;6,13;6,18;167948;28622700
25/07/2014;6,18;6,22;6,02;6,07;234015;27805400
26/07/2014;6,08;6,08;5,77;5,97;175004;27359100
27/07/2014;5,97;5,97;5,71;5,83;175722;26902000
28/07/2014;5,83;5,87;5,17;5,17;405543;26303900
29/07/2014;5,19;5,28;4,68;4,79;294949;23416800
30/07/2014;4,8;4,94;4,3;4,45;329136;21674000
31/07/2014;4,46;5,61;4,39;5,57;387401;20134700
01/08/2014;5,55;5,81;5,22;5,64;252698;25079000
02/08/2014;5,63;6;5,62;5,71;185190;25475400
03/08/2014;5,7;6,13;5,58;5,8;280722;25819300
04/08/2014;5,82;5,82;5,3;5,31;179607;26380600
05/08/2014;5,31;5,47;5,2;5,41;107685;24053200
06/08/2014;5,39;5,89;5,39;5,77;211361;24444200
07/08/2014;5,77;5,84;5,49;5,65;140303;26184200
08/08/2014;5,66;6,05;5,65;5,99;269415;25676800
09/08/2014;6,03;6,04;5,53;5,59;235890;27396600
10/08/2014;5,6;5,86;5,39;5,72;218033;25451100
11/08/2014;5,72;5,74;5,05;5,08;223309;26027300
12/08/2014;5,07;5,15;4,91;5,02;94300;23097300
13/08/2014;5,02;5,09;4,34;4,86;287212;22864000
14/08/2014;4,87;4,91;3,87;4,06;197663;22211800
15/08/2014;4,09;4,41;3,41;3,64;276892;18640900
16/08/2014;3,64;3,64;2,92;2,92;296592;16619900
17/08/2014;2,94;3,04;2,2;2,36;370021;13439000
18/08/2014;2,36;2,49;1,37;1,54;699964;10783300
19/08/2014;1,55;3,32;1,44;3,32;674022;7077960
20/08/2014;3,36;3,91;3,18;3,81;722557;15377700
21/08/2014;3,8;3,89;3,37;3,38;241925;17412100
22/08/2014;3,37;3,42;2,81;3,17;286798;15430600
23/08/2014;3,17;3,31;2,98;2,99;132039;14503600
24/08/2014;2,99;3,13;2,98;3,09;64140;13697900
25/08/2014;3,09;3,09;2,67;2,68;133764;14164300
26/08/2014;2,69;2,88;2,57;2,72;157503;12326200
27/08/2014;2,72;2,72;2,18;2,29;328963;12514400
28/08/2014;2,29;2,55;2,15;2,37;158460;10516400
29/08/2014;2,38;2,59;2,36;2,55;148519;10944500
30/08/2014;2,55;2,6;2,35;2,43;85691;11735400
31/08/2014;2,44;2,47;2,22;2,41;112735;11238900
01/09/2014;2,4;2,42;2,27;2,27;73377;11072200
02/09/2014;2,27;2,36;2,26;2,32;52918;10450100
03/09/2014;2,32;2,78;2,3;2,64;173985;10716400
04/09/2014;2,66;3,4;2,6;3,08;393252;12295500
05/09/2014;3,09;3,09;2,68;2,84;241196;14256300
06/09/2014;2,84;3,21;2,79;2,98;221277;13110700
07/09/2014;2,98;3,09;2,9;2,9;70704;13777400
08/09/2014;2,9;2,95;2,74;2,78;89576;13432500
09/09/2014;2,78;2,93;2,73;2,91;58552;12872700
10/09/2014;2,91;2,95;2,82;2,82;61808;13508300
11/09/2014;2,82;2,87;2,77;2,8;39876;13101500
12/09/2014;2,81;2,85;2,73;2,85;64957;13041200
13/09/2014;2,85;2,89;2,77;2,87;85324;13233400
14/09/2014;2,88;2,91;2,77;2,8;93526;13379600
15/09/2014;2,8;3,37;2,77;3,07;288266;13008200
16/09/2014;3,09;3,36;3,04;3,33;130826;14358700
17/09/2014;3,33;3,88;3,3;3,75;574556;15496100
18/09/2014;3,78;3,95;3,59;3,87;438932;17592300
19/09/2014;3,87;3,92;3,37;3,43;353146;18024200
20/09/2014;3,43;3,58;3,14;3,18;211501;15998300
21/09/2014;3,18;3,27;2,92;2,97;142460;14832500
22/09/2014;2,97;3,4;2,97;3,36;138652;13883800
23/09/2014;3,36;3,51;3,17;3,4;146543;15705000
24/09/2014;3,42;10,31;3,34;3,34;74906;15981900
25/09/2014;3,34;3,34;2,93;3;102167;15629100
26/09/2014;3;3,05;2,8;2,89;99224;14055000
27/09/2014;2,88;2,97;2,77;2,84;69607;13511200
28/09/2014;2,84;3,04;2,75;2,9;120161;13315400
29/09/2014;2,9;3,05;2,82;2,85;75316;13597700
30/09/2014;2,86;2,97;2,62;2,7;154649;13412300
01/10/2014;2,7;2,88;2,45;2,46;223263;12700400
02/10/2014;2,46;2,49;2,41;2,44;45955;11578000
03/10/2014;2,44;2,52;2,36;2,4;58977;11461000
04/10/2014;2,4;2,5;2,16;2,24;55246;11314000
05/10/2014;2,24;2,32;2,07;2,25;54743;10532900
06/10/2014;2,25;2,42;2,14;2,25;51204;10621800
07/10/2014;2,25;2,34;2,05;2,13;149260;10621100
08/10/2014;2,12;2,36;2,09;2,34;61348;10013700
09/10/2014;2,33;2,46;2,26;2,4;107387;11026600
10/10/2014;2,39;2,47;2,23;2,24;63434;11325100
11/10/2014;2,24;2,28;2,04;2,17;103367;10585800
12/10/2014;2,16;2,18;2,04;2,14;90788;10251400
13/10/2014;2,13;2,62;2,04;2,57;136242;10100600
14/10/2014;2,57;2,57;2,04;2,06;218533;12198800
15/10/2014;2,07;2,24;2;2,07;87647;9824590
16/10/2014;2,07;2,3;2,07;2,18;104953;9846070
17/10/2014;2,18;2,48;2,14;2,27;82247;10347500
18/10/2014;2,28;2,36;2,21;2,29;40729;10828300
19/10/2014;2,29;2,32;2,24;2,27;41570;10921900
20/10/2014;2,26;2,28;2,08;2,11;111213;10792100
21/10/2014;2,1;2,19;2,06;2,08;70427;10034800
22/10/2014;2,07;2,19;2,04;2,07;100270;9888470
23/10/2014;2,07;2,12;2,03;2,11;50299;9884060
24/10/2014;2,1;2,11;2;2,04;61719;10052600
25/10/2014;2,03;2,05;1,92;1,92;40232;9697730
26/10/2014;1,92;2,01;1,9;1,93;40296;9181280
27/10/2014;1,93;1,96;1,9;1,91;31037;9228950
28/10/2014;1,92;1,95;1,88;1,9;33227;9221770
29/10/2014;1,89;1,91;1,6;1,61;135790;9097940
30/10/2014;1,61;1,8;1,61;1,79;90240;7731250
31/10/2014;1,78;1,82;1,73;1,79;53915;8565990
01/11/2014;1,79;1,82;1,62;1,67;32686;8623210
02/11/2014;1,67;1,75;1,65;1,66;41301;8040050
03/11/2014;1,66;1,73;1,63;1,63;38374;7996890
04/11/2014;1,62;1,71;1,57;1,65;67425;7836300
05/11/2014;1,65;1,78;1,65;1,75;61099;7955980
06/11/2014;1,75;1,99;1,74;1,99;82374;8460600
07/11/2014;1,99;2,5;1,99;2,13;383517;9635590
08/11/2014;2,13;2,76;2,12;2,73;310275;10305200
09/11/2014;2,73;3,01;2,68;2,99;375396;13233100
10/11/2014;2,98;3;2,52;2,53;311577;14455600
11/11/2014;2,54;2,65;2,38;2,43;193795;12292600
12/11/2014;2,43;2,85;2,43;2,64;229563;11786600
13/11/2014;2,66;2,77;2,47;2,58;108337;12889400
14/11/2014;2,56;2,56;2,29;2,41;106611;12427100
15/11/2014;2,42;2,5;2,29;2,49;83032;11770700
16/11/2014;2,48;2,77;2,48;2,74;135202;12072000
17/11/2014;2,73;2,78;2,29;2,33;225043;13283300
18/11/2014;2,33;2,45;2,3;2,36;217493;11318600
19/11/2014;2,37;2,44;2,34;2,38;87226;11515900
20/11/2014;2,37;2,37;2,25;2,26;111780;11543700
21/11/2014;2,26;2,27;2,2;2,22;52991;11033900
22/11/2014;2,22;2,3;2,2;2,26;56526;10836200
23/11/2014;2,26;2,33;2,24;2,31;52642;11007000
24/11/2014;2,3;2,39;2,27;2,32;59481;11219600
25/11/2014;2,31;2,42;2,28;2,37;59745;11270300
26/11/2014;2,37;2,44;2,33;2,36;98080;11580000
27/11/2014;2,39;2,4;2,29;2,32;85433;11715200
28/11/2014;2,33;2,41;2,28;2,38;46759;11398800
29/11/2014;2,38;2,44;2,35;2,37;57108;11650000
30/11/2014;2,4;2,43;2,34;2,39;43116;11762700
01/12/2014;2,38;2,41;2,35;2,37;46362;11682300
02/12/2014;2,36;2,45;2,33;2,43;93651;11572600
03/12/2014;2,43;2,44;2,36;2,43;78398;11919100
04/12/2014;2,43;2,46;2,32;2,33;72131;11960500
05/12/2014;2,33;2,38;2,31;2,37;53824;11434000
06/12/2014;2,37;2,39;2,33;2,35;50201;11636200
07/12/2014;2,36;2,39;2,33;2,37;64326;11614600
08/12/2014;2,38;2,38;2,28;2,3;39250;11700300
09/12/2014;2,29;2,3;2,2;2,26;42493;11274800
10/12/2014;2,26;2,27;2,22;2,24;39110;11141100
11/12/2014;2,23;2,33;2,2;2,29;34058;11019200
12/12/2014;2,26;2,28;2,25;2,27;31940;11154900
13/12/2014;2,27;2,27;2,22;2,24;26290;11197200
14/12/2014;2,23;2,26;2,21;2,24;29243;11008700
15/12/2014;2,24;2,24;2,11;2,13;80270;11055400
16/12/2014;2,13;2,13;1,97;1,98;71365;10533600
17/12/2014;1,98;2,01;1,85;1,94;90504;9799650
18/12/2014;1,94;1,94;1,77;1,81;80842;9596030
19/12/2014;1,82;1,91;1,78;1,89;47170;9006200
20/12/2014;1,88;2,01;1,87;1,98;43232;9327450
21/12/2014;1,98;5,78;1,9;1,91;77552;9816190
22/12/2014;1,91;2,01;1,86;1,91;98570;9465580
23/12/2014;1,9;1,95;1,87;1,92;41369;9456910
24/12/2014;1,92;1,99;1,76;1,93;121397;9532850
25/12/2014;1,92;1,93;1,78;1,8;67416;9570580
26/12/2014;1,82;2,07;1,78;2,03;81565;9051380
27/12/2014;2,03;2,03;1,9;1,95;44232;10096700
28/12/2014;1,95;1,98;1,92;1,95;32002;9697080
29/12/2014;1,95;1,98;1,91;1,91;51742;9731420
30/12/2014;1,92;1,95;1,89;1,89;42981;9570430
31/12/2014;1,89;1,98;1,88;1,97;52644;9455910
01/01/2015;1,97;1,97;1,93;1,94;14957;9860760
02/01/2015;1,94;1,95;1,9;1,94;33549;9710140
03/01/2015;1,94;1,97;1,72;1,72;62136;9706160
04/01/2015;1,72;1,74;1,56;1,63;60683;8596550
05/01/2015;1,63;1,69;1,61;1,67;43764;8171360
06/01/2015;1,67;1,72;1,63;1,72;31130;8386380
07/01/2015;1,72;1,75;1,69;1,72;28206;8606930
08/01/2015;1,71;1,74;1,68;1,72;38890;8594610
09/01/2015;1,72;1,74;1,69;1,71;45656;8616520
10/01/2015;1,73;1,73;1,62;1,66;65124;8665460
11/01/2015;1,66;1,69;1,62;1,64;43774;8331940
12/01/2015;1,64;1,67;1,62;1,66;46532;8232030
13/01/2015;1,66;1,67;1,33;1,35;77956;8343790
14/01/2015;1,34;1,35;1,05;1,08;41255;6754020
15/01/2015;1,08;1,35;1,08;1,29;31672;5421460
16/01/2015;1,29;1,38;1,23;1,28;67351;6493510
17/01/2015;1,27;1,29;1,18;1,22;29037;6428910
18/01/2015;1,22;1,35;1,19;1,31;43795;6179800
19/01/2015;1,31;1,37;1,31;1,37;53757;6640150
20/01/2015;1,36;1,43;1,32;1,43;68855;6855510
21/01/2015;1,43;1,62;1,42;1,6;108223;7212260
22/01/2015;1,6;1,71;1,55;1,63;73737;8084380
23/01/2015;1,63;1,64;1,56;1,59;70270;8246490
24/01/2015;1,6;1,74;1,58;1,74;51767;8120840
25/01/2015;1,74;1,82;1,72;1,81;60453;8801230
26/01/2015;1,81;2,09;1,79;1,88;110222;9158080
27/01/2015;1,87;1,89;1,68;1,82;73397;9507040
28/01/2015;1,82;1,82;1,6;1,65;67481;9238150
29/01/2015;1,64;1,68;1,58;1,64;67225;8338510
30/01/2015;1,64;1,7;1,61;1,64;53994;8332160
31/01/2015;1,64;1,68;1,6;1,61;33035;8341480
01/02/2015;1,61;1,93;1,56;1,88;296157;8174880
02/02/2015;1,88;1,96;1,78;1,93;154511;9552660
03/02/2015;1,93;1,96;1,75;1,79;62006;9820270
04/02/2015;1,78;1,86;1,77;1,83;58636;9079530
05/02/2015;1,83;1,89;1,73;1,77;49522;9349800
06/02/2015;1,77;1,87;1,74;1,79;40361;9042210
07/02/2015;1,8;1,87;1,8;1,86;30169;9163350
08/02/2015;1,86;1,86;1,8;1,84;44831;9481190
09/02/2015;1,84;2,27;1,83;2,17;270445;9392880
10/02/2015;2,16;2,49;2,06;2,49;238651;11049300
11/02/2015;2,48;3,43;2,46;3,23;774898;12679100
12/02/2015;3,2;3,4;2,67;2,81;549894;16383400
13/02/2015;2,82;3,29;2,78;2,92;228439;14443300
14/02/2015;2,92;3,14;2,75;2,88;208369;14945200
15/02/2015;2,89;2,89;2,56;2,76;212369;14819700
16/02/2015;2,77;2,9;2,69;2,75;76067;14226400
17/02/2015;2,76;2,79;2,63;2,63;103557;14143700
18/02/2015;2,64;2,85;2,51;2,84;98988;13550000
19/02/2015;2,8;2,86;2,68;2,83;84624;14398200
20/02/2015;2,83;2,83;2,66;2,74;61415;14519800
21/02/2015;2,74;2,82;2,64;2,78;110159;14076800
22/02/2015;2,78;2,86;2,47;2,53;75804;14299700
23/02/2015;2,55;2,56;2,44;2,52;80898;13148500
24/02/2015;2,53;2,98;2,46;2,94;170477;13013100
25/02/2015;2,94;2,96;2,65;2,77;134546;15133300
26/02/2015;2,77;2,8;2,67;2,73;74935;14294000
27/02/2015;2,73;3,12;2,73;3,04;118275;14100600
28/02/2015;3,03;3,24;2,95;3,24;110988;15644700
01/03/2015;3,24;3,4;3,15;3,33;89917;16746200
02/03/2015;3,33;3,68;3,27;3,62;154771;17189200
03/03/2015;3,63;3,7;3,35;3,47;254781;18783500
04/03/2015;3,45;3,77;3,4;3,5;193537;17845300
05/03/2015;3,5;3,52;3,27;3,41;146630;18128000
06/03/2015;3,41;3,47;3,29;3,33;73672;17673800
07/03/2015;3,34;3,69;3,32;3,43;45834;17279300
08/03/2015;3,43;3,45;3,35;3,39;32276;17790600
09/03/2015;3,39;3,65;3,37;3,54;62809;17573400
10/03/2015;3,54;3,54;2,92;3,03;399669;18354800
11/03/2015;3,05;3,3;3,05;3,13;169890;15804600
12/03/2015;3,13;3,22;3,06;3,07;108024;16240900
13/03/2015;3,08;3,09;2,86;2,91;240126;15981700
14/03/2015;2,9;3,12;2,84;2,93;140162;15051800
15/03/2015;2,92;3,14;2,91;3,12;57656;15203700
16/03/2015;3,13;3,34;2,97;3,3;209706;16265900
17/03/2015;3,31;3,36;3,18;3,27;82356;17203000
18/03/2015;3,27;3,4;3,06;3,09;149599;17046400
19/03/2015;3,11;3,5;3,06;3,37;162473;16210100
20/03/2015;3,35;3,83;3,34;3,7;290947;17437500
21/03/2015;3,69;7,11;3,66;4,63;819105;19240700
22/03/2015;4,64;4,83;4,32;4,61;342711;24218700
23/03/2015;4,61;5,07;4,49;4,98;354223;24081000
24/03/2015;4,98;5,25;4,73;5,07;540346;26014200
25/03/2015;5,08;6,07;5,04;5,28;902236;26565000
26/03/2015;5,28;5,56;4,77;4,99;480884;27621600
27/03/2015;4,99;5,1;4,66;4,76;218735;26088700
28/03/2015;4,75;5,05;4,71;5,04;206446;24851500
29/03/2015;5,03;5,04;4,54;4,6;216958;26317500
30/03/2015;4,6;4,61;4,03;4,34;447970;24108800
31/03/2015;4,34;4,35;3,96;4,02;163313;22752100
01/04/2015;4,02;4,02;3,7;3,83;242957;21088600
02/04/2015;3,82;4,6;3,82;4,54;271324;20066500
03/04/2015;4,52;4,56;4,28;4,36;138373;23736400
04/04/2015;4,36;4,37;3,95;4,13;185199;22879800
05/04/2015;4,12;4,21;3,95;4,17;136532;21661800
06/04/2015;4,17;4,23;4,03;4,09;115405;21906600
07/04/2015;4,09;4,12;3,72;3,78;205259;21522900
08/04/2015;3,77;3,86;3,55;3,68;144498;19854100
09/04/2015;3,68;3,87;3,38;3,42;172424;19400600
10/04/2015;3,42;3,45;3,09;3,23;185593;18016800
11/04/2015;3,24;3,43;3,24;3,33;87373;17055300
12/04/2015;3,34;3,41;3,26;3,3;46830;17591400
13/04/2015;3,31;3,32;3,15;3,21;93897;17454100
14/04/2015;3,19;3,21;3,06;3,1;68149;16840800
15/04/2015;3,1;3,12;2,98;3,02;82324;16367500
16/04/2015;3,02;3,1;2,98;3,01;83054;15979400
17/04/2015;3,01;3,03;2,78;2,83;118954;15927600
18/04/2015;2,83;2,93;2,8;2,93;45925;14999500
19/04/2015;2,93;2,93;2,78;2,8;57969;15488700
20/04/2015;2,8;2,83;2,65;2,65;112126;14803700
21/04/2015;2,65;2,91;2,62;2,89;80103;14033800
22/04/2015;2,89;3,35;2,87;3,25;191228;15328200
23/04/2015;3,25;3,74;3,1;3,63;275604;17232600
24/04/2015;3,63;3,63;3,06;3,18;184435;19273000
25/04/2015;3,19;3,29;3,07;3,1;56721;16941600
26/04/2015;3,1;3,1;2,93;3,05;95532;16447900
27/04/2015;3,05;3,16;2,92;2,99;88755;16204900
28/04/2015;2,99;3,06;2,91;3,04;68693;15929400
29/04/2015;3,02;3,05;2,89;2,97;30506;16075700
30/04/2015;2,97;3,02;2,89;2,97;84241;15814200
01/05/2015;2,97;3,01;2,69;2,74;149552;15845500
02/05/2015;2,74;2,85;2,73;2,75;46992;14605900
03/05/2015;2,75;2,83;2,69;2,7;63544;14652000
04/05/2015;2,71;3,02;2,66;2,88;104785;14479000
05/05/2015;2,88;2,9;2,78;2,85;26546;15365200
06/05/2015;2,85;2,98;2,81;2,82;48370;15229100
07/05/2015;2,82;2,85;2,74;2,81;60248;15056800
08/05/2015;2,81;2,84;2,73;2,76;51411;15037500
09/05/2015;2,77;2,79;2,71;2,76;35280;14836700
10/05/2015;2,76;2,76;2,66;2,68;57877;14758300
11/05/2015;2,68;2,81;2,64;2,76;73027;14364200
12/05/2015;2,77;2,78;2,7;2,71;44614;14839400
13/05/2015;2,72;2,77;2,67;2,69;36403;14577900
14/05/2015;2,69;2,87;2,66;2,84;81538;14440000
15/05/2015;2,84;2,94;2,84;2,87;75968;15253400
16/05/2015;2,88;3,06;2,85;3;74901;15440600
17/05/2015;3;3,03;2,91;2,93;52827;16116000
18/05/2015;2,93;2,95;2,83;2,86;42345;15751100
19/05/2015;2,86;2,9;2,79;2,89;34282;15394100
20/05/2015;2,89;2,9;2,78;2,88;48146;15532900
21/05/2015;2,88;2,91;2,84;2,84;37087;15524500
22/05/2015;2,84;2,95;2,81;2,91;108165;15278400
23/05/2015;2,91;2,92;2,87;2,87;90345;15707300
24/05/2015;2,87;2,93;2,87;2,9;49767;15487700
25/05/2015;2,9;2,91;2,8;2,82;55790;15640500
26/05/2015;2,82;2,9;2,6;2,67;133789;15224800
27/05/2015;2,67;2,71;2,59;2,63;59342;14426200
28/05/2015;2,63;2,83;2,61;2,74;69233;14196000
29/05/2015;2,74;2,85;2,72;2,82;48749;14798400
30/05/2015;2,82;2,84;2,69;2,71;36938;15258300
31/05/2015;2,71;2,84;2,7;2,76;57640;14662100
01/06/2015;2,76;2,78;2,64;2,65;75761;14952300
02/06/2015;2,66;2,82;2,64;2,8;68367;14392700
03/06/2015;2,8;2,87;2,73;2,75;76345;15173000
04/06/2015;2,76;2,83;2,72;2,8;40277;14968000
05/06/2015;2,8;2,84;2,72;2,82;43312;15175700
06/06/2015;2,82;2,86;2,79;2,82;36093;15291500
07/06/2015;2,82;2,85;2,79;2,81;55832;15308900
08/06/2015;2,8;2,88;2,8;2,83;78536;15247700
09/06/2015;2,83;2,85;2,76;2,77;83639;15384300
10/06/2015;2,76;2,77;2,65;2,7;93836;15043400
11/06/2015;2,7;2,78;2,68;2,78;67222;14719100
12/06/2015;2,78;2,9;2,74;2,8;107756;15141500
13/06/2015;2,8;2,85;2,77;2,8;68398;15249900
14/06/2015;2,8;2,83;2,75;2,81;87100;15289300
15/06/2015;2,81;2,85;2,72;2,74;102014;15333500
16/06/2015;2,74;2,99;2,73;2,99;109178;14980300
17/06/2015;2,99;3,15;2,91;3,01;127588;16341300
18/06/2015;3,01;3,02;2,91;2,96;80459;16455700
19/06/2015;2,96;2,98;2,88;2,9;76937;16207100
20/06/2015;2,9;2,9;2,82;2,87;49018;15882700
21/06/2015;2,87;2,88;2,82;2,84;42407;15747200
22/06/2015;2,84;2,9;2,84;2,89;60758;15582200
23/06/2015;2,89;2,89;2,84;2,85;32546;15836600
24/06/2015;2,85;2,88;2,81;2,81;66207;15662200
25/06/2015;2,81;2,84;2,8;2,83;82226;15439500
26/06/2015;2,83;2,87;2,81;2,82;67021;15575000
27/06/2015;2,82;2,87;2,78;2,79;117087;15502700
28/06/2015;2,79;2,81;2,68;2,73;80605;15352200
29/06/2015;2,73;2,79;2,71;2,79;65253;15060700
30/06/2015;2,79;2,93;2,77;2,86;105757;15375000
01/07/2015;2,86;2,9;2,78;2,82;49329;15776100
02/07/2015;2,8;2,92;2,79;2,91;58716;15478600
03/07/2015;2,92;2,99;2,87;2,96;65144;16115200
04/07/2015;2,96;3,11;2,93;3,09;134776;16384400
05/07/2015;3,09;3,17;3,05;3,09;98324;17100200
06/07/2015;3,1;3,21;3,07;3,09;91597;17158400
07/07/2015;3,09;3,12;2,96;2,97;77829;17104500
08/07/2015;2,96;3,07;2,94;2,98;71222;16429100
09/07/2015;2,99;3,13;2,96;3,11;146037;16587600
10/07/2015;3,11;4,24;3,08;4,05;607002;17282600
11/07/2015;4,07;4,38;3,74;3,84;396245;22623400
12/07/2015;3,84;4,25;3,83;4,1;136193;21381100
13/07/2015;4,1;4,1;3,66;3,74;181667;22806100
14/07/2015;3,75;3,83;3,72;3,72;71054;20864500
15/07/2015;3,71;3,77;3,63;3,66;133041;20673800
16/07/2015;3,64;3,76;3,49;3,53;87908;20331600
17/07/2015;3,54;3,83;3,48;3,76;142970;19771100
18/07/2015;3,76;3,99;3,67;3,71;140104;20996900
19/07/2015;3,71;3,71;3,6;3,62;66114;20734000
20/07/2015;3,62;3,72;3,61;3,69;73913;20257500
21/07/2015;3,7;3,73;3,58;3,6;106480;20691500
22/07/2015;3,6;3,65;3,57;3,63;50817;20147800
23/07/2015;3,63;3,65;3,54;3,58;34491;20314600
24/07/2015;3,59;3,71;3,5;3,69;129128;20106000
25/07/2015;3,69;3,77;3,65;3,75;64293;20688000
26/07/2015;3,75;3,85;3,69;3,78;100372;21014500
27/07/2015;3,78;3,83;3,68;3,76;105583;21228600
28/07/2015;3,75;3,83;3,68;3,68;99350;21080800
29/07/2015;3,69;3,7;3,63;3,64;62902;20712400
30/07/2015;3,64;3,7;3,6;3,64;49738;20455500
31/07/2015;3,65;3,73;3,61;3,68;69967;20552400
01/08/2015;3,68;3,7;3,52;3,61;63209;20694700
02/08/2015;3,61;3,65;3,56;3,62;42888;20345400
03/08/2015;3,62;3,67;3,56;3,61;56701;20399000
04/08/2015;3,61;3,72;3,61;3,64;93372;20357800
05/08/2015;3,64;3,67;3,57;3,58;55070;20547800
06/08/2015;3,58;3,58;3,51;3,52;48908;20193000
07/08/2015;3,51;3,52;3,23;3,26;229950;19848100
08/08/2015;3,27;3,29;3,06;3,08;91264;18477800
09/08/2015;3,08;3,2;3,08;3,11;77488;17418300
10/08/2015;3,1;3,15;3,06;3,08;59702;17558200
11/08/2015;3,08;3,16;3,06;3,16;73134;17437300
12/08/2015;3,16;3,18;3,06;3,06;113443;17915300
13/08/2015;3,05;3,07;3;3,06;66249;17319800
14/08/2015;3,06;3,1;3,02;3,03;74860;17378700
15/08/2015;3,02;3,06;2,96;2,98;37005;17164800
16/08/2015;2,98;2,99;2,88;2,94;46752;16899500
17/08/2015;2,95;3,12;2,91;2,91;80183;16739200
18/08/2015;2,91;2,91;2,67;2,67;83076;16551500
19/08/2015;2,6;2,78;2,58;2,64;74748;14812700
20/08/2015;2,64;2,8;2,63;2,78;49346;15018700
21/08/2015;2,78;2,8;2,74;2,76;49749;15813000
22/08/2015;2,76;2,78;2,62;2,68;52550;15728800
23/08/2015;2,68;2,72;2,62;2,64;30625;15274500
24/08/2015;2,63;2,64;2,38;2,38;125485;15036300
25/08/2015;2,37;2,56;2,24;2,53;69322;13506000
26/08/2015;2,53;2,66;2,49;2,61;37719;14471900
27/08/2015;2,61;2,63;2,54;2,56;37604;14942900
28/08/2015;2,56;2,64;2,51;2,6;57595;14664000
29/08/2015;2,6;2,62;2,55;2,6;39992;14899700
30/08/2015;2,6;2,63;2,53;2,56;27911;14869600
31/08/2015;2,56;2,59;2,52;2,58;74703;14678500
01/09/2015;2,58;2,6;2,53;2,54;70243;14804700
02/09/2015;2,54;2,55;2,5;2,51;60914;14589500
03/09/2015;2,51;2,52;2,46;2,47;23020;14412100
04/09/2015;2,48;2,5;2,42;2,45;60516;14265700
05/09/2015;2,44;2,53;2,36;2,51;38313;14037400
06/09/2015;2,51;2,56;2,47;2,49;28927;14404900
07/09/2015;2,49;2,5;2,37;2,38;69592;14309400
08/09/2015;2,37;2,41;2,2;2,33;90735;13624600
09/09/2015;2,32;2,57;2,32;2,44;64860;13390200
10/09/2015;2,44;2,48;2,33;2,38;46341;14060100
11/09/2015;2,38;2,43;2,35;2,38;57649;13730500
12/09/2015;2,38;2,46;2,35;2,43;37555;13774200
13/09/2015;2,43;2,48;2,3;2,34;53764;14020100
14/09/2015;2,33;2,35;2,27;2,31;57107;13491500
15/09/2015;2,31;2,62;2,29;2,32;46640;13377900
16/09/2015;2,32;2,4;2,3;2,37;68240;13447900
17/09/2015;2,39;11,43;2,35;2,37;32167;13827600
18/09/2015;2,37;2,47;2,35;2,46;36051;13726400
19/09/2015;2,46;2,48;2,36;2,36;18461;14244500
20/09/2015;2,36;2,59;2,29;2,39;88240;13694700
21/09/2015;2,39;2,43;2,32;2,35;84512;13892300
22/09/2015;2,36;2,5;2,36;2,46;42311;13687600
23/09/2015;2,46;2,53;2,4;2,43;36011;14314800
24/09/2015;2,43;2,48;2,38;2,44;36581;14100900
25/09/2015;2,44;2,49;2,41;2,45;31730;14189600
26/09/2015;2,46;2,46;2,33;2,33;45583;14288400
27/09/2015;2,33;2,39;2,33;2,36;26485;13593500
28/09/2015;2,37;2,42;2,35;2,38;45147;13788900
29/09/2015;2,38;2,4;2,34;2,34;33688;13889400
30/09/2015;2,34;2,37;2,34;2,34;36433;13670400
01/10/2015;2,34;2,36;2,29;2,29;48612;13670100
02/10/2015;2,29;2,32;2,21;2,22;49335;13376200
03/10/2015;2,22;2,23;2,14;2,17;50128;12958700
04/10/2015;2,17;2,18;2,13;2,17;41353;12688900
05/10/2015;2,17;2,43;2,16;2,34;74426;12716700
06/10/2015;2,34;2,39;2,32;2,39;23826;13696700
07/10/2015;2,39;2,45;2,39;2,4;40949;14025500
08/10/2015;2,4;2,43;2,35;2,38;39245;14109600
09/10/2015;2,37;2,41;2,32;2,36;28997;13918300
10/10/2015;2,36;2,43;2,33;2,43;18355;13871000
11/10/2015;2,43;2,43;2,32;2,39;20054;14270800
12/10/2015;2,37;2,39;2,29;2,34;22087;13966900
13/10/2015;2,34;2,38;2,28;2,35;33118;13762200
14/10/2015;2,36;2,4;2,32;2,32;53349;13900100
15/10/2015;2,31;2,36;2,21;2,25;80585;13640200
16/10/2015;2,25;2,39;2,24;2,34;40319;13268900
17/10/2015;2,34;2,47;2,33;2,43;36100;13814100
18/10/2015;2,44;2,45;2,33;2,37;21270;14424600
19/10/2015;2,37;2,39;2,33;2,34;39396;14014900
20/10/2015;2,34;2,44;2,34;2,41;46076;13844300
21/10/2015;2,4;2,44;2,27;2,28;54704;14185500
22/10/2015;2,28;2,43;2,25;2,41;77999;13485100
23/10/2015;2,41;2,44;2,28;2,33;74068;14270300
24/10/2015;2,32;2,34;2,16;2,24;69810;13762700
25/10/2015;2,26;2,36;2,17;2,17;53908;13388800
26/10/2015;2,18;2,24;2,12;2,24;40748;12895600
27/10/2015;2,24;2,29;2,04;2,1;112810;13267200
28/10/2015;2,12;2,22;2,1;2,14;62319;12593200
29/10/2015;2,11;2,42;2,09;2,39;109579;12549700
30/10/2015;2,41;2,73;2,37;2,54;118931;14289400
31/10/2015;2,54;2,63;2,27;2,31;33529;15097200
01/11/2015;2,31;2,78;2,26;2,66;79513;13720200
02/11/2015;2,66;2,7;2,43;2,61;88803;15832500
03/11/2015;2,61;2,91;2,54;2,69;138710;15537000
04/11/2015;2,7;2,85;2,37;2,61;251429;16069100
05/11/2015;2,61;2,82;2,25;2,53;131813;15540600
06/11/2015;2,55;2,73;2,39;2,7;89250;15186900
07/11/2015;2,73;2,84;2,62;2,71;65014;16269600
08/11/2015;2,71;2,84;2,53;2,53;55256;16160500
09/11/2015;2,54;2,6;2,43;2,53;76637;15153000
10/11/2015;2,53;2,63;2,37;2,42;49166;15127000
11/11/2015;2,42;2,48;2,14;2,29;96053;14461800
12/11/2015;2,28;2,58;2,28;2,54;86587;13661200
13/11/2015;2,52;2,6;2,39;2,53;60866;15103600
14/11/2015;2,54;2,59;2,36;2,36;66693;15189300
15/11/2015;2,38;2,44;2,29;2,31;39255;14240200
16/11/2015;2,29;2,38;2,23;2,31;41181;13731000
17/11/2015;2,32;2,38;2,22;2,26;59102;13923500
18/11/2015;2,26;2,38;2,25;2,36;31679;13554600
19/11/2015;2,36;2,36;2,21;2,21;48039;14143100
20/11/2015;2,21;2,25;2,13;2,23;28463;13270800
21/11/2015;2,23;2,25;2,16;2,2;26400;13370600
22/11/2015;2,2;2,22;2,05;2,06;28487;13216000
23/11/2015;2,08;2,16;2,05;2,14;31968;12524900
24/11/2015;2,14;2,14;2,07;2,08;24757;12843100
25/11/2015;2,08;2,16;2,05;2,15;23152;12497100
26/11/2015;2,15;2,34;2,12;2,19;58542;12943400
27/11/2015;2,18;2,23;2,13;2,16;32579;13139500
28/11/2015;2,16;2,16;2,07;2,08;25565;12978500
29/11/2015;2,08;2,17;2,07;2,15;26013;12539800
30/11/2015;2,15;2,24;2,11;2,17;49178;12962300
01/12/2015;2,17;2,18;2,05;2,08;37007;13063600
02/12/2015;2,09;2,19;2,03;2,18;45288;12574200
03/12/2015;2,19;2,4;2,19;2,34;77349;13181700
04/12/2015;2,33;2,36;2,3;2,34;36114;14082300
05/12/2015;2,35;2,44;2,29;2,32;61252;14172200
06/12/2015;2,32;2,47;2,31;2,34;55270;14020800
07/12/2015;2,33;2,38;2,29;2,33;40495;14054100
08/12/2015;2,33;2,4;2,28;2,4;44093;14092000
09/12/2015;2,41;2,7;2,37;2,51;121460;14595600
10/12/2015;2,5;2,52;2,44;2,44;31690;15122800
11/12/2015;2,44;2,71;2,44;2,69;46393;14761700
12/12/2015;2,7;2,79;2,43;2,58;47864;16341800
13/12/2015;2,59;2,75;2,54;2,73;67091;15679300
14/12/2015;2,76;2,89;2,68;2,69;102466;16723300
15/12/2015;2,69;2,76;2,64;2,68;58882;16273500
16/12/2015;2,69;2,73;2,55;2,69;46530;16315300
17/12/2015;2,69;2,69;2,57;2,61;40819;16298400
18/12/2015;2,61;2,65;2,58;2,65;39821;15820500
19/12/2015;2,65;2,69;2,58;2,61;27223;16074600
20/12/2015;2,61;2,64;2,46;2,49;39518;15865200
21/12/2015;2,5;2,51;2,41;2,47;43767;15164400
22/12/2015;2,47;2,6;2,46;2,55;47646;15026900
23/12/2015;2,55;2,6;2,48;2,53;51744;15506300
24/12/2015;2,53;2,78;2,53;2,77;83730;15396800
25/12/2015;2,77;2,94;2,72;2,83;99786;16851000
26/12/2015;2,83;2,98;2,68;2,77;96357;17218200
27/12/2015;2,73;2,73;2,6;2,65;37590;16651400
28/12/2015;2,64;3,05;2,63;2,98;88281;16067600
29/12/2015;3,03;3,09;2,92;3,09;141636;18461600
30/12/2015;3,09;4,65;3,09;3,52;524544;18810200
31/12/2015;3,52;3,61;3,08;3,27;191862;21459700
01/01/2016;3,33;3,54;3,24;3,38;98317;20289600
02/01/2016;3,38;3,43;3,24;3,28;62353;20638600
03/01/2016;3,29;3,35;3,13;3,24;87155;20114800
04/01/2016;3,25;3,35;3,24;3,32;65748;19882500
05/01/2016;3,32;3,44;3,29;3,33;71861;20278200
06/01/2016;3,33;3,4;3,29;3,38;34542;20334100
07/01/2016;3,37;3,45;3,31;3,38;116373;20637500
08/01/2016;3,41;3,42;3,26;3,31;76706;20905100
09/01/2016;3,3;3,37;3,18;3,18;39174;20252100
10/01/2016;3,18;3,29;2,83;3,29;167678;19514900
11/01/2016;3,28;3,35;3,07;3,15;99815;20143400
12/01/2016;3,17;3,17;2,92;3,03;130485;19455500
13/01/2016;3,03;3,14;2,97;3,1;57266;18622300
14/01/2016;3,1;3,58;3,09;3,4;176887;19024300
15/01/2016;3,36;3,71;3,31;3,36;431794;20643400
16/01/2016;3,34;4,4;3,34;3,89;1878320;20501100
17/01/2016;3,88;5,19;3,76;4,95;560892;23866800
18/01/2016;4,94;4,94;4,27;4,37;464263;30399700
19/01/2016;4,4;4,54;3,87;3,87;277216;27082100
20/01/2016;3,86;4,83;3,79;4,77;307278;23761800
21/01/2016;4,76;5,15;4,52;5,15;289153;29292200
22/01/2016;5,22;6,29;4,73;5,13;1096190;32176900
23/01/2016;5,05;5,14;4,22;4,49;677578;31141500
24/01/2016;4,51;4,82;4,14;4,4;320311;27786800
25/01/2016;4,41;4,41;3,63;4,02;410300;27208600
26/01/2016;3,98;4,69;3,88;4,52;298849;24566900
27/01/2016;4,49;4,67;4,05;4,2;301964;27729200
28/01/2016;4,19;4,37;4,02;4,22;185032;25868300
29/01/2016;4,25;4,47;4,06;4,39;126718;26280700
30/01/2016;4,39;4,44;4,11;4,29;136278;27139800
31/01/2016;4,29;4,32;3,96;4,11;147359;26487500
01/02/2016;4,11;4,23;4,01;4,12;61713;25394100
02/02/2016;4,14;4,24;4,05;4,11;125829;25608100
03/02/2016;4,1;9,34;4,01;4,18;85544;25379300
04/02/2016;4,18;4,36;4,12;4,29;100963;25855900
05/02/2016;4,29;4,38;4,23;4,28;56705;26596100
06/02/2016;4,32;4,32;4,15;4,19;70855;26780100
07/02/2016;4,21;4,38;4,14;4,21;108239;26116700
08/02/2016;4,18;4,31;4,11;4,16;70569;25946900
09/02/2016;4,16;4,19;3,95;3,97;164368;25846400
10/02/2016;3,97;4,17;3,78;3,84;193410;24665700
11/02/2016;3,78;3,91;3,19;3,26;243649;23519900
12/02/2016;3,26;4,04;3,26;3,79;182601;20278400
13/02/2016;3,79;3,89;3,57;3,77;120917;23573000
14/02/2016;3,8;3,92;3,75;3,8;60426;23641000
15/02/2016;3,8;4,17;3,74;3,78;112454;23666400
16/02/2016;3,78;4,02;3,48;3,48;180945;23519100
17/02/2016;3,47;3,82;3,44;3,68;150307;21632400
18/02/2016;3,69;3,77;3,13;3,53;247042;22963300
19/02/2016;3,54;3,75;3,47;3,51;120692;22081300
20/02/2016;3,51;3,69;3,51;3,64;91429;21876300
21/02/2016;3,63;4,2;3,6;4;165716;22636600
22/02/2016;4;4,27;3,93;4,2;185000;24945400
23/02/2016;4,11;4,23;3,74;3,8;214434;25662900
24/02/2016;3,8;4,09;3,72;4,02;120323;23708800
25/02/2016;4,02;4,04;3,81;3,91;125778;25097700
26/02/2016;3,93;4,01;3,82;3,97;77086;24550400
27/02/2016;3,98;4,09;3,91;4,08;113700;24850600
28/02/2016;4,08;4,09;3,94;4;150601;25488700
29/02/2016;4;4,03;3,88;3,92;140688;25026700
01/03/2016;3,92;4,04;3,81;3,9;195998;24506800
02/03/2016;3,9;4,01;3,86;3,88;126503;24404300
03/03/2016;3,88;4,84;3,82;4,71;505229;24286300
04/03/2016;4,63;5,13;4,35;4,63;657278;29006700
05/03/2016;4,62;5,38;4,53;4,87;590483;28949900
06/03/2016;4,92;5,14;4,58;4,58;487244;30831500
07/03/2016;4,58;4,73;4,3;4,3;305007;28727400
08/03/2016;4,29;4,61;4,19;4,6;250496;26925200
09/03/2016;4,62;4,71;4,51;4,57;200317;29000600
10/03/2016;4,57;5,3;4,49;4,92;476033;28738100
11/03/2016;4,93;5,36;4,88;5,15;342455;30996500
12/03/2016;5,19;5,39;4,96;5,31;313635;32617000
13/03/2016;5,35;6,03;5,31;5,68;738440;33630800
14/03/2016;5,68;5,99;5,42;5,54;395433;35742700
15/03/2016;5,53;5,92;5,36;5,84;310793;34795400
16/03/2016;5,86;6,56;5,77;6,33;953870;36885300
17/03/2016;6,33;6,44;5,64;5,98;595131;39879100
18/03/2016;5,98;6,17;5,66;5,95;301156;37683500
19/03/2016;5,94;6,12;5,78;5,99;261243;37472700
20/03/2016;5,77;6,14;5,77;6,12;220354;36389900
21/03/2016;6,12;6,46;6,01;6,01;398501;38624800
22/03/2016;5,97;6,25;5,91;6,09;287782;37671000
23/03/2016;6,1;6,61;6,02;6,59;532087;38489700
24/03/2016;6,67;6,69;6,28;6,66;461165;42140700
25/03/2016;6,66;7,53;6,59;7,44;878166;42063300
26/03/2016;7,44;7,44;7,03;7,21;362976;47037100
27/03/2016;7,21;7,32;6,82;7,05;441517;45577300
28/03/2016;7,05;7,37;6,53;7,06;577452;44584400
29/03/2016;7,06;7,18;6,88;7,08;268689;44656600
30/03/2016;7,09;7,11;6,76;6,78;280500;44853600
31/03/2016;6,78;6,98;6,78;6,88;220521;42907900
01/04/2016;6,9;7,1;6,71;7,07;189159;43693200
02/04/2016;7,12;7,21;7,04;7,05;157191;45096900
03/04/2016;7,05;7,13;6,65;7;351429;44718800
04/04/2016;7;7,05;6,88;6,96;141900;44373200
05/04/2016;6,97;7,37;6,97;7,07;420016;44231400
06/04/2016;7,06;7,17;7;7,02;189714;44799200
07/04/2016;7,02;7,1;6,9;6,9;174662;44628000
08/04/2016;6,88;7,08;6,88;6,99;218748;43766400
09/04/2016;6,98;6,99;6,28;6,68;490236;44418900
10/04/2016;6,68;6,89;6,12;6,54;874074;42484800
11/04/2016;6,51;6,63;6,3;6,35;230475;41432300
12/04/2016;6,36;6,58;6,3;6,5;334270;40479000
13/04/2016;6,5;6,56;6,4;6,51;223697;41411000
14/04/2016;6,51;6,53;6,34;6,41;218510;41460300
15/04/2016;6,42;6,42;5,98;6,03;303991;40914100
16/04/2016;6,02;6,43;5,97;6,3;287896;38397000
17/04/2016;6,31;6,45;6,23;6,4;206734;40252900
18/04/2016;6,36;6,41;6,07;6,23;211282;40579000
19/04/2016;6,24;6,44;6,21;6,39;204854;39811000
20/04/2016;6,4;6,52;6,31;6,35;247651;40880000
21/04/2016;6,35;6,42;6,19;6,19;187613;40558500
22/04/2016;6,22;6,38;6,09;6,28;239961;39777400
23/04/2016;6,28;6,52;6,18;6,51;241922;40127700
24/04/2016;6,5;6,61;6,37;6,44;236604;41556400
25/04/2016;6,43;6,43;6,13;6,17;269831;41150900
26/04/2016;6,21;6,24;5,81;6,08;249141;39730900
27/04/2016;6,1;6,62;5,95;6,28;422258;39041800
28/04/2016;6,33;6,56;6,25;6,46;224846;40567700
29/04/2016;6,46;6,67;6,32;6,6;281894;41360700
30/04/2016;6,62;6,86;6,56;6,83;293789;42428700
01/05/2016;6,82;6,87;6,69;6,79;229207;43733100
02/05/2016;6,79;6,87;6,64;6,83;265828;43546600
03/05/2016;6,8;6,88;6,75;6,8;180138;43619700
04/05/2016;6,79;6,9;6,76;6,84;196202;43558700
05/05/2016;6,84;6,88;6,74;6,82;186158;43921600
06/05/2016;6,82;6,84;6,67;6,77;215622;43824200
07/05/2016;6,75;6,78;6,53;6,58;254392;43408500
08/05/2016;6,58;6,77;6,55;6,69;164290;42348300
09/05/2016;6,68;6,69;6,55;6,59;172995;42968300
10/05/2016;6,59;6,81;6,52;6,79;275287;42439700
11/05/2016;6,82;6,84;6,65;6,76;214337;43892000
12/05/2016;6,76;6,84;6,61;6,78;224735;43524000
13/05/2016;6,8;6,98;6,7;6,97;282706;43815200
14/05/2016;6,95;6,99;6,79;6,95;215702;44780500
15/05/2016;6,95;7,07;6,86;7;163629;44791400
16/05/2016;7,02;7,73;7,01;7,27;624372;45260900
17/05/2016;7,27;7,41;7,22;7,41;233869;46923900
18/05/2016;7,4;7,43;7,27;7,39;232479;47795000
19/05/2016;7,39;7,81;7,35;7,7;390961;47690800
20/05/2016;7,67;8,68;7,66;7,95;630261;49545300
21/05/2016;7,95;8,4;7,76;8,24;362889;51377400
22/05/2016;8,27;8,32;8,03;8,1;308676;53437600
23/05/2016;8,06;8,17;7,92;8,1;228942;52138500
24/05/2016;8,09;8,19;7,72;7,76;312203;52305900
25/05/2016;7,75;7,86;7,46;7,61;310684;50146500
26/05/2016;7,62;7,71;7,34;7,39;206517;49323000
27/05/2016;7,42;7,56;7,08;7,5;414196;48036000
28/05/2016;7,47;7,94;7,41;7,85;367974;48377400
29/05/2016;7,85;8,53;7,76;8,19;400555;50832500
30/05/2016;8,19;8,36;8,12;8,2;212989;53108400
31/05/2016;8,19;8,39;7,99;8,18;341324;53077100
01/06/2016;8,18;8,37;8,08;8,26;320823;53022100
02/06/2016;8,23;8,24;7,93;8,1;318685;53381300
03/06/2016;8,12;8,31;7,78;8,06;447007;52712500
04/06/2016;8,06;8,2;7,85;8,05;445286;52311100
05/06/2016;8,04;8,17;7,58;7,58;537053;52188400
06/06/2016;7,59;7,86;7,58;7,77;302748;49284900
07/06/2016;7,77;8,01;7,68;7,91;339881;50576500
08/06/2016;7,93;8,04;7,68;7,88;272918;51607300
09/06/2016;7,88;7,94;7,72;7,82;303753;51262200
10/06/2016;7,79;8,12;7,78;7,84;475334;50749400
11/06/2016;7,83;7,95;7,61;7,9;475115;50999700
12/06/2016;7,93;8,03;7,48;7,66;897877;51676400
13/06/2016;7,65;7,99;7,46;7,72;600793;49887200
14/06/2016;7,71;8,41;7,63;8,2;584298;50283500
15/06/2016;8,2;8,58;8;8,14;491191;53485800
16/06/2016;8,16;8,68;8,16;8,59;368946;53254500
17/06/2016;8,66;8,91;8,1;8,36;545419;56515800
18/06/2016;8,36;8,62;8,05;8,16;448647;54565000
19/06/2016;8,16;8,32;7,94;7,99;556704;53314500
20/06/2016;7,99;8,31;7,9;8,29;572251;52181400
21/06/2016;8,27;8,42;7,64;7,78;568810;54017900
22/06/2016;7,75;8,02;7,29;7,34;552499;50640100
23/06/2016;7,38;7,51;6,91;7,24;425205;48274600
24/06/2016;7,24;7,64;6,88;7,13;552216;47338400
25/06/2016;7,11;7,25;6,65;6,86;463260;46535500
26/06/2016;6,86;7,18;6,72;6,78;275629;44928500
27/06/2016;6,78;7,04;6,68;7,01;264512;44373000
28/06/2016;7,06;7,16;6,88;6,91;286458;46253800
29/06/2016;6,92;7,05;6,86;6,99;255225;45323300
30/06/2016;6,99;7,24;6,94;7,13;331408;45834900
01/07/2016;7,13;7,39;7,11;7,24;251575;46722200
02/07/2016;7,23;7,43;7,09;7,18;279444;47384100
03/07/2016;7,19;7,31;6,99;7,01;259776;47136900
04/07/2016;7,02;7,24;6,91;7,08;189054;46064500
05/07/2016;7,09;7,09;6,83;6,99;237373;46521100
06/07/2016;6,94;7,13;6,9;6,98;243442;45565800
07/07/2016;6,98;7,19;6,77;7,03;425808;45914000
08/07/2016;6,98;7,48;6,95;7,45;314761;45903300
09/07/2016;7,47;7,47;7,01;7,36;268561;49132300
10/07/2016;7,35;7,49;7,3;7,42;268877;48381600
11/07/2016;7,44;8,05;7,41;7,96;672593;48979600
12/07/2016;7,97;8,26;7,82;7,84;474628;52526000
13/07/2016;7,86;7,97;7,72;7,84;289681;51798100
14/07/2016;7,86;7,91;7,7;7,75;194024;51797100
15/07/2016;7,73;8,34;7,69;8,09;365346;50959600
16/07/2016;8,09;8,34;8,06;8,26;284036;53338100
17/07/2016;8,25;8,33;8,06;8,12;248488;54402400
18/07/2016;8,15;8,29;8,1;8,22;273466;53774400
19/07/2016;8,22;8,57;8,18;8,5;410793;54269700
20/07/2016;8,53;8,57;8,31;8,44;287009;56317100
21/07/2016;8,43;9,06;8,32;8,96;435825;55692500
22/07/2016;8,95;9,55;8,89;9,25;867493;59167400
23/07/2016;9,27;9,47;9,07;9,31;435897;61282500
24/07/2016;9,36;9,78;9,21;9,21;370757;61901200
25/07/2016;9,24;9,27;8,99;9,13;314414;61086400
26/07/2016;9,15;9,21;8,63;8,86;531920;60513500
27/07/2016;8,9;9,33;8,77;9,15;378749;58881400
28/07/2016;9,15;9,35;9,15;9,31;237187;60591800
29/07/2016;9,32;9,47;9,3;9,46;212714;61710300
30/07/2016;9,45;9,48;9,19;9,22;275617;62575400
31/07/2016;9,18;9,57;9;9,51;318887;60871400
01/08/2016;9,45;10,48;9,45;9,9;1088710;62649200
02/08/2016;10,02;10,24;9,06;9,16;1182910;66476200
03/08/2016;9,29;9,64;9,11;9,33;719797;61646200
04/08/2016;9,32;9,55;9,21;9,53;413348;61830600
05/08/2016;9,53;9,83;9,45;9,72;284062;63292400
06/08/2016;9,71;10,71;9,69;10,55;638130;64524400
07/08/2016;10,59;10,65;10,13;10,35;458848;70393200
08/08/2016;10,34;10,51;10,1;10,38;453814;68797400
09/08/2016;10,35;10,56;10,29;10,3;365466;68887400
10/08/2016;10,32;10,51;10,23;10,44;357513;68670400
11/08/2016;10,44;11,22;10,4;11,08;534511;69495504
12/08/2016;11,09;12,86;10,77;12,59;2030400;73849400
13/08/2016;12,56;13,61;12,09;12,91;1847650;83697904
14/08/2016;12,82;15,05;12,74;14,48;3708120;85451600
15/08/2016;14,52;14,94;12,6;13,3;3240540;96808800
16/08/2016;13,23;13,32;11,48;12,87;2724180;88224704
17/08/2016;12,91;13,05;12,25;12,55;1054880;86139000
18/08/2016;12,45;14,18;12,45;13,86;2019880;83107600
19/08/2016;13,83;14,83;13,3;13,78;2879380;92310704
20/08/2016;13,75;14,09;12,93;13,1;1451660;91807800
21/08/2016;13,09;13,69;12,97;13,41;1177950;87463504
22/08/2016;13,41;14,45;13,41;14,21;1409370;89571104
23/08/2016;14,35;14,35;12,63;13,42;1404690;95908200
24/08/2016;13,49;13,62;12,95;13,28;797964;90187904
25/08/2016;13,31;13,45;12,3;12,31;935742;89033504
26/08/2016;12,29;12,86;11,96;12,74;736721;82202600
27/08/2016;12,75;12,86;12,33;12,57;2547960;85354600
28/08/2016;12,59;12,8;12,19;12,42;932715;84279104
29/08/2016;12,36;12,79;10,91;11,68;1761660;82747200
30/08/2016;11,65;11,9;11,43;11,77;761521;78030000
31/08/2016;11,77;12,2;11,45;11,89;961216;78856896
01/09/2016;11,89;11,93;11,37;11,45;651970;79693104
02/09/2016;11,46;11,55;11,33;11,36;790593;76804400
03/09/2016;11,37;11,54;10,85;11,45;1215250;76249000
04/09/2016;11,36;11,56;10,72;11,39;966253;76192096
05/09/2016;11,36;11,69;11,13;11,27;639547;76235504
06/09/2016;11,27;11,36;10,92;10,92;532044;75719296
07/09/2016;10,94;11,4;10,83;11,28;669651;73555696
08/09/2016;11,28;11,69;11,24;11,69;637683;75879400
09/09/2016;11,68;11,68;11,14;11,22;453318;78568096
10/09/2016;11,2;11,47;11,01;11,42;748265;75337800
11/09/2016;11,42;11,62;10,96;11,14;583102;76892704
12/09/2016;11,16;12,82;11,1;12,26;1357900;75150600
13/09/2016;12,31;13;12,1;13;775508;82919504
14/09/2016;13;13;12,36;12,71;683059;87620200
15/09/2016;12,74;12,74;12,14;12,21;592210;85882800
16/09/2016;12,21;12,27;11,64;11,72;519023;82343696
17/09/2016;11,72;11,93;11,54;11,78;385226;79017600
18/09/2016;11,77;11,85;11,61;11,64;378121;79397104
19/09/2016;11,68;11,75;11,35;11,54;548366;78808400
20/09/2016;11,52;11,58;11,23;11,41;447288;77743400
21/09/2016;11,47;11,72;11,17;11,53;639852;77453296
22/09/2016;11,54;11,7;11,32;11,54;462190;77970704
23/09/2016;11,52;11,7;11,4;11,54;346538;77854096
24/09/2016;11,55;11,6;11,43;11,53;248501;78052896
25/09/2016;11,52;11,66;11,46;11,55;293042;77913600
26/09/2016;11,56;11,61;11,3;11,41;466947;78189904
27/09/2016;11,41;11,64;11,38;11,64;437637;77160600
28/09/2016;11,64;11,64;11,47;11,59;380292;78749104
29/09/2016;11,59;12,15;11,58;12,01;627955;78432896
30/09/2016;12,04;12,25;11,74;12,1;624527;81564000
01/10/2016;12,1;12,11;11,67;11,71;599642;81946600
02/10/2016;11,71;11,97;11,64;11,78;418786;79364000
03/10/2016;11,79;12,27;11,78;11,89;485966;79945400
04/10/2016;11,88;12,06;11,7;12,06;428041;80553000
05/10/2016;12,05;12,06;11,83;12,03;459125;81727600
06/10/2016;12,05;12,26;12;12,06;572725;81854800
07/10/2016;12,05;12,13;11,75;11,87;540185;81894000
08/10/2016;11,88;11,99;11,65;11,72;362282;80713904
09/10/2016;11,73;11,86;11,59;11,59;389417;79726304
10/10/2016;11,59;11,76;11,57;11,69;342278;78807400
11/10/2016;11,69;11,84;11,48;11,73;616754;79511504
12/10/2016;11,74;11,97;11,33;11,43;535850;79911200
13/10/2016;11,43;11,67;11,39;11,44;351218;77803800
14/10/2016;11,44;11,68;11,41;11,53;434177;77899696
15/10/2016;11,52;11,63;11,05;11,1;421471;78467696
16/10/2016;11,1;11,29;10,85;10,85;421644;75628096
17/10/2016;10,84;10,88;10,52;10,62;501778;73893104
18/10/2016;10,62;10,62;9,98;10,21;622564;72371800
19/10/2016;10,2;10,46;10,13;10,29;623278;69574096
20/10/2016;10,3;10,78;10,24;10,5;1118960;70293600
21/10/2016;10,55;10,87;10,46;10,77;1101460;71970704
22/10/2016;10,77;10,78;10,26;10,36;1057070;73483296
23/10/2016;10,37;10,47;9,95;9,96;1071280;70799504
24/10/2016;9,96;10,16;9,77;9,85;1138230;68050400
25/10/2016;9,86;10;9,08;9,41;1147660;67345800
26/10/2016;9,39;9,55;8,95;9,34;1507430;64195800
27/10/2016;9,32;9,91;9,14;9,71;1527680;63723300
28/10/2016;9,72;9,73;9,05;9,07;1102490;66491500
29/10/2016;9,07;9,36;8,05;8,61;1459460;62012400
30/10/2016;8,63;9,72;8,63;9,67;1180810;59059600
31/10/2016;9,68;9,9;9,05;9,2;1001140;66226100
01/11/2016;9,21;9,34;8,65;9,04;1334790;63075600
02/11/2016;9,01;9,36;8,8;8,94;1234770;61677200
03/11/2016;8,99;9,44;8,79;9,12;1443680;61580500
04/11/2016;9,13;9,29;8,96;9,13;1315030;62569800
05/11/2016;9,12;9,26;9,05;9,21;764091;62557700
06/11/2016;9,21;9,48;9,13;9,4;1174590;63217900
07/11/2016;9,4;9,92;9,27;9,92;1597080;64568400
08/11/2016;9,88;10,49;9,7;9,76;1509000;67892400
09/11/2016;9,73;10;9,4;9,7;951744;66863400
10/11/2016;9,67;9,76;9,53;9,67;621946;66481100
11/11/2016;9,65;9,74;9,51;9,67;978517;66375200
12/11/2016;9,69;9,86;9,56;9,64;1066110;66632200
13/11/2016;9,63;9,72;9,4;9,49;828714;66259100
14/11/2016;9,54;9,74;9,45;9,68;619525;65630600
15/11/2016;9,7;9,73;9,5;9,64;899729;66754800
16/11/2016;9,64;9,67;9,1;9,45;850986;66347900
17/11/2016;9,44;9,46;9,01;9,02;1037810;65038700
18/11/2016;9,02;9,11;8,79;8,95;867850;62179200
19/11/2016;8,96;8,97;8,42;8,48;1120590;61722700
20/11/2016;8,5;8,61;8,32;8,51;837398;58585000
21/11/2016;8,49;8,62;8,41;8,58;685102;58578200
22/11/2016;8,58;8,84;8,55;8,63;822084;59180400
23/11/2016;8,67;8,73;8,47;8,51;798355;59792300
24/11/2016;8,44;9,14;8,34;9,13;929254;58260600
25/11/2016;9,14;9,18;8,76;9,1;1170070;63117400
26/11/2016;9,11;9,13;8,79;8,9;947235;62900600
27/11/2016;8,9;9,17;8,89;9,09;1058670;61471600
28/11/2016;9,07;9,14;8,95;8,96;848792;62666300
29/11/2016;8,96;9,05;8,62;8,82;1402230;61963800
30/11/2016;8,82;8,95;8,75;8,91;605542;61023300
01/12/2016;8,91;8,94;8,7;8,74;672328;61634000
02/12/2016;8,75;8,86;8,61;8,66;823934;60538100
03/12/2016;8,64;8,92;8,61;8,88;939632;59770500
04/12/2016;8,87;9,01;8,66;8,82;889416;61445900
05/12/2016;8,8;8,9;8,48;8,56;979175;61042900
06/12/2016;8,56;8,81;8,49;8,8;1016800;59386400
07/12/2016;8,78;8,82;8,66;8,68;787296;60880100
08/12/2016;8,69;8,79;8,66;8,75;713673;60292700
09/12/2016;8,75;8,85;8,72;8,83;870014;60752100
10/12/2016;8,84;8,93;8,81;8,88;781253;61391600
11/12/2016;8,88;9,59;8,78;9,54;1065390;61671200
12/12/2016;9,52;9,66;9,07;9,1;1054770;66123200
13/12/2016;9,07;9,43;9,05;9,39;971378;63064100
14/12/2016;9,4;9,42;9,1;9,16;1416530;65366300
15/12/2016;9,18;9,39;9,08;9,3;1999050;63821200
16/12/2016;9,29;9,98;9,17;9,89;1951350;64662300
17/12/2016;9,87;9,91;9,39;9,74;1964650;68667104
18/12/2016;9,72;9,94;9,64;9,89;1935260;67675800
19/12/2016;9,88;10,53;9,87;10,32;2089000;68822096
20/12/2016;10,33;10,51;10,22;10,22;2236060;71983000
21/12/2016;10,23;10,27;9,78;9,81;2189580;71265200
22/12/2016;9,84;9,93;9,21;9,79;2611390;68569104
23/12/2016;9,77;9,9;9,24;9,56;2883150;68143200
24/12/2016;9,59;10,02;9,59;9,83;2686220;66873600
25/12/2016;9,82;10,17;9,78;10,01;2578850;68476200
26/12/2016;9,98;10,17;9,7;9,7;2106310;69653104
27/12/2016;9,72;9,91;9,45;9,74;2285700;67846400
28/12/2016;9,73;10,36;9,72;10,07;2490150;67916000
29/12/2016;10,06;11,05;10,01;10,85;3237930;70227400
30/12/2016;10,83;11,44;10,72;11,11;4445310;75640096
31/12/2016;11,14;11,33;10,93;11,21;3468330;77833904
01/01/2017;11,21;11,49;10,96;11,23;3684210;78350600
02/01/2017;11,27;11,96;11,24;11,81;3800380;78789696
03/01/2017;11,81;13,05;11,81;12,78;3846520;82603400
04/01/2017;12,81;16,96;12,75;16,52;4901250;89664000
05/01/2017;16,58;17,11;12,94;14,38;2579450;116187000
06/01/2017;14,42;14,87;11,87;12,03;2262740;101082000
07/01/2017;11,96;12,59;11,39;12,44;2542530;83814000
08/01/2017;12,42;13,12;12,19;12,54;3118970;87104800
09/01/2017;12,57;12,6;12,03;12,09;2365630;88154304
10/01/2017;12,02;12,65;11,98;12,49;1391630;84366800
11/01/2017;12,47;12,8;10,83;11,3;3100210;87501504
12/01/2017;11,29;12,53;11,05;12,22;8272830;79295200
13/01/2017;12,22;12,66;11,5;12,59;8400930;85789600
14/01/2017;12,59;12,66;12;12,08;7960870;88482896
15/01/2017;12,08;12,55;12,02;12,39;4362180;84869104
16/01/2017;12,37;13,08;12,04;12,94;3715630;86960200
17/01/2017;12,92;14,41;12,91;14,25;1810660;90828600
18/01/2017;14,25;14,3;13,48;14,06;1510760;100228000
19/01/2017;14,12;15,28;14,12;15,18;2170870;99371104
20/01/2017;15,14;15,48;14,83;15,16;2021010;106564000
21/01/2017;15,19;15,37;14,83;14,97;1958960;106916000
22/01/2017;15;15,52;14,96;15,11;1918440;105622000
23/01/2017;15,13;15,32;14,99;15,19;1553800;106549000
24/01/2017;15,11;15,11;13,91;14,09;2694720;106493000
25/01/2017;14,1;14,61;13,9;14,51;1656580;99366704
26/01/2017;14,49;15,05;14,43;15,04;1348170;102158000
27/01/2017;15,06;15,41;14,99;15,34;1303190;106228000
28/01/2017;15,33;15,36;15,07;15,27;1333010;108155000
29/01/2017;15,26;15,65;15,17;15,51;1363910;107705000
30/01/2017;15,5;16,03;15,5;15,96;2046270;109407000
31/01/2017;15,93;16,22;15,78;16,07;1384500;112498000
01/02/2017;16,05;16,24;15,65;16,03;2139000;113338000
02/02/2017;15,98;16,41;15,85;16,31;1350760;112934000
03/02/2017;16,31;17,61;16,31;17,52;1818910;115306000
04/02/2017;17,55;17,74;17,28;17,62;1598070;124173000
05/02/2017;17,54;17,67;16,84;17,06;1905980;124154000
06/02/2017;17,07;17,24;16,7;17,12;1025680;120894000
07/02/2017;17,11;17,51;17,04;17,14;1388260;121211000
08/02/2017;17,14;17,4;16,85;17,35;1552640;121430000
09/02/2017;17,34;17,6;15,69;16,58;1793860;122937000
10/02/2017;16,58;16,89;15,84;16,67;1386930;117570000
11/02/2017;16,69;17,22;16,6;17,15;1216530;118350000
12/02/2017;17,15;17,15;16,83;16,91;1264080;121667000
13/02/2017;16,88;17,05;16,63;16,88;1464030;119800000
14/02/2017;16,85;18,37;16,8;18,15;1948330;119626000
15/02/2017;18,1;19,66;17,7;19,63;3355410;128554000
16/02/2017;19,64;19,81;19,14;19,52;2859140;139499008
17/02/2017;19,47;20,15;19,19;20;1859180;138366000
18/02/2017;20,05;21,53;20,05;21,41;3498460;142504992
19/02/2017;21,46;23,73;21,44;22,55;5688120;152571008
20/02/2017;22,6;22,94;21,24;21,59;4159380;160743008
21/02/2017;21,6;22,1;20,44;21,25;4093200;153668000
22/02/2017;21,24;22,19;20,99;22,12;2625710;151098000
23/02/2017;22,09;25,23;22,09;25,22;4664780;157238000
24/02/2017;25,05;29,38;23,79;26,2;10322700;178372000
25/02/2017;26,23;27,11;23,61;26,76;7377240;186832000
26/02/2017;26,67;28,23;25,44;28,11;4656680;189992000
27/02/2017;28,1;28,64;27,47;28,18;4064580;200212000
28/02/2017;28,24;33,38;27,95;32,51;10042800;201326000
01/03/2017;32,62;46,75;32,33;42,54;31700200;232592992
02/03/2017;42,47;58,9;37,3;42,44;72796200;302911008
03/03/2017;44,04;51,4;38,54;47,38;33651400;314220000
04/03/2017;47,17;48,81;43,35;43,38;14949600;336628000
05/03/2017;43,14;44,82;39,68;42,31;12260100;307985984
06/03/2017;42,22;47,33;42,22;46,5;12933400;301783008
07/03/2017;46,57;46,92;44,14;45,68;9034640;332936000
08/03/2017;45,55;45,6;42,15;42,33;7640390;325712000
09/03/2017;42,24;53,38;41,65;51,06;21013500;302128000
10/03/2017;51,09;54,72;47,23;50,42;24723800;365560992
11/03/2017;50,4;74,11;50,15;72,93;55127200;360708000
12/03/2017;72,71;80,79;65,98;77,08;46099200;520543008
13/03/2017;76,96;81,03;70,36;74,61;36706700;551120000
14/03/2017;74,61;91,39;73,37;88,24;37180000;534395008
15/03/2017;89,06;101,76;85,78;95,09;68173104;638132992
16/03/2017;95,42;99,21;80,53;89,81;54538700;683888000
17/03/2017;89,56;100,04;81,95;99,14;44263600;642049024
18/03/2017;101,04;120,52;95,06;109,24;74763696;724518016
19/03/2017;107,55;113,92;98,71;108,23;44670100;771411968
20/03/2017;108,16;110,66;99,53;100,05;25082500;776035968
21/03/2017;99,91;104,21;90,85;95,38;40860300;717014016
22/03/2017;95,68;111,15;89,47;101,51;46138100;686886976
23/03/2017;101,26;103,43;98,97;101,43;15500100;727129984
24/03/2017;101,57;108,86;94,87;97,27;33033000;729577984
25/03/2017;96,98;99,42;91,47;94,33;23040200;696737984
26/03/2017;94,31;95,58;91,66;93,63;20996100;677736000
27/03/2017;93,63;93,98;78,89;85,66;45830500;673078016
28/03/2017;84,28;90,63;80,93;87,89;24886900;606012032
29/03/2017;87,82;88,04;83,12;84,4;18209000;631616000
30/03/2017;84,42;84,75;77,54;79,61;26036700;607324992
31/03/2017;79,51;81,75;67,66;74,91;37471500;572174976
01/04/2017;74,3;74,3;66,85;68,6;17542100;534806016
02/04/2017;68,26;71,2;54,95;57,07;26723500;491500992
03/04/2017;56,73;65,87;47,1;61,76;42403200;408588992
04/04/2017;63,42;71,84;57,89;69,07;33869600;456881984
05/04/2017;69,12;77,6;66,35;74,37;31084000;498096992
06/04/2017;74,45;74,45;64,28;66,53;21464900;537046016
07/04/2017;66,47;69,96;64,11;66,19;13046400;479636992
08/04/2017;66,08;68,89;65,5;67,75;10316300;476916000
09/04/2017;67,8;68,29;64,55;64,7;8535590;489452000
10/04/2017;64,73;65,4;60,06;61,31;12222700;467460000
11/04/2017;61,3;62,5;59,23;60,53;12016500;442808000
12/04/2017;60,71;68,48;59,15;68;21914300;438679008
13/04/2017;68,1;76,26;65,76;72,57;29296100;492196000
14/04/2017;72,61;73,54;68,54;70,77;15477900;524892000
15/04/2017;70,81;77,79;69,45;75,01;17237300;512033984
16/04/2017;75,07;76,76;74,48;75,34;11539500;542961024
17/04/2017;75,32;75,97;74,2;75,64;10470900;544956032
18/04/2017;75,63;76,22;71,08;72,83;14595000;547340992
19/04/2017;72,76;75,63;72,27;72,28;11688300;526688000
20/04/2017;72,18;72,74;71,03;71,45;9144880;522641984
21/04/2017;71,48;72,8;70,57;70,88;9790840;517732992
22/04/2017;70,85;72,52;70,35;71,22;9913170;513273984
23/04/2017;71,18;72,24;68,77;68,89;8328060;515838016
24/04/2017;68,93;72,22;68,93;72,2;7918480;499640992
25/04/2017;72,19;72,94;71,62;72,07;8641860;523444992
26/04/2017;72,04;72,23;70,68;71,53;8605760;522516992
27/04/2017;71,52;80,62;71,08;78,17;18560500;518868000
28/04/2017;78,02;80,93;77,32;79,49;16201200;566201984
29/04/2017;79,67;100,46;79,67;94,95;39496900;578278016
30/04/2017;94,21;97,13;88,8;91,55;19963300;684049984
01/05/2017;91,5;96,37;84,92;88,12;22978900;664545024
02/05/2017;87,91;89,42;83,4;86,24;14430400;638649024
03/05/2017;86,24;90,46;84;90,08;18749400;626662016
04/05/2017;90,12;96,7;90,06;92,8;26417800;655081024
05/05/2017;92,87;105,36;92,87;99,01;29039200;675222976
06/05/2017;99,18;101,57;97,44;99,76;17201700;721873984
07/05/2017;99,53;111,68;98,42;106,28;30297200;724648000
08/05/2017;106,55;107,04;95,46;101,1;26320700;775961984
09/05/2017;101,12;103,81;82,49;93,3;33359200;736625984
10/05/2017;92,89;97,19;89,82;91,52;17906900;676854016
11/05/2017;91,62;93,94;90,14;91,54;15996300;667795968
12/05/2017;91,8;92,43;85,88;86,8;15467900;669278976
13/05/2017;86,75;89,75;83,5;89,35;14419400;632643008
14/05/2017;89,56;90,97;88,53;89,8;12006000;653270016
15/05/2017;89,88;91,9;84,6;91,49;15672900;655801024
16/05/2017;91,68;91,68;85,09;85,59;14638900;669083008
17/05/2017;85,64;85,79;81,89;83,26;15847600;625220992
18/05/2017;83,21;89,8;83,21;89,73;14126000;607656000
19/05/2017;89,87;101,1;88,77;98,98;25889600;656467968
20/05/2017;98,83;105,87;98,69;100,77;22378100;722089984
21/05/2017;100,72;102,35;98,01;102,03;19898000;736086016
22/05/2017;101,68;146,8;96,29;120,73;76089200;743265984
23/05/2017;120,38;144,18;117,86;138,07;51407800;880270016
24/05/2017;139,1;157,09;139,1;144,63;47161500;1017440000
25/05/2017;143,2;145,14;118,68;119,63;60488800;1047689984
26/05/2017;118,61;139,46;110,03;112,94;45411400;868030976
27/05/2017;113,35;117,76;89,05;99,2;39936600;829763008
28/05/2017;100,42;115,58;100,42;108,14;39651700;735254016
29/05/2017;107,93;119,2;105,64;117,26;35802200;790454016
30/05/2017;117,17;127;115,4;121,13;42919400;858403968
31/05/2017;121,85;141,84;117,99;135,97;59781000;892886016
01/06/2017;136,47;147,94;131,64;136,08;46692500;1000300032
02/06/2017;137,08;145,88;136,33;145,29;39172500;1005049984
03/06/2017;145,28;148,42;142,8;144,29;39144000;1065459968
04/06/2017;143,88;143,89;140,43;143,35;28248800;1055520000
05/06/2017;143,4;145,86;142;144,92;40209200;1053049984
06/06/2017;145,43;147,96;134,27;145,19;66883600;1068209984
07/06/2017;145,24;153,76;138,17;140,36;44240500;1067129984
08/06/2017;140,82;146,1;139,47;145,03;29049200;1034920000
09/06/2017;144,94;149,69;144,94;148,93;28944700;1065470016
10/06/2017;149,13;152,48;147,84;152;32894500;1096550016
11/06/2017;151,99;200,12;151,99;188,27;155786000;1117859968
12/06/2017;187,1;197,17;162,3;170,78;79698800;1376489984
13/06/2017;171,27;183,97;171,27;183,97;51568400;1260370048
14/06/2017;183,65;191,58;156,18;163,21;53986500;1351820032
15/06/2017;163,12;166,05;143,32;163,35;48167500;1201030016
16/06/2017;163,63;167,65;158,43;166,25;35834400;1205110016
17/06/2017;166,21;183,85;166,16;178,13;58241000;1224440064
18/06/2017;178,52;193,93;176,12;193,53;77003000;1315449984
19/06/2017;193,21;208,42;192,88;201,26;98763400;1424099968
20/06/2017;201,37;203,71;180,61;187,91;58960400;1484669952
21/06/2017;187,77;188,09;175,04;178,81;40445100;1384739968
22/06/2017;179,29;183,33;175,72;177,06;37412700;1322586240
23/06/2017;177,04;193,47;177,04;189,26;42975000;1306272000
24/06/2017;189,31;190,52;178,61;182,62;35863100;1397185536
25/06/2017;182,35;183,43;169,3;172,88;36111800;1346197376
26/06/2017;172,96;175,91;149,22;162,89;40405300;1277190912
27/06/2017;162,89;176,02;153,93;176,02;48931600;1203164928
28/06/2017;177,01;185,97;174,59;184,13;27008600;1307817216
29/06/2017;183,17;184,48;176,72;177,17;42548600;1353711488
30/06/2017;177,3;184,58;177,3;181,77;48166300;1310691456
01/07/2017;181,66;182,29;165,63;165,71;42283100;1343303552
02/07/2017;165,61;174,1;163,99;173,49;33257700;1224908416
03/07/2017;173,37;182,58;171,91;180,79;40038200;1282654720
04/07/2017;180,22;187,3;180,22;183,06;51222900;1333705984
05/07/2017;183,05;212,66;181,06;209,48;93285800;1354979328
06/07/2017;210,34;227,89;205,37;213,17;114292000;1558330496
07/07/2017;212,72;213,08;194,8;196,46;59581400;1576374912
08/07/2017;196,15;211,31;187,21;209,2;41486800;1454003328
09/07/2017;209,64;212,48;195,64;195,64;44286500;1554428800
10/07/2017;195,99;197,38;170,06;174,4;38824100;1453582464
11/07/2017;173,63;180,37;159,99;165,73;44860900;1288135552
12/07/2017;165,03;179,89;159,54;179,89;30198600;1224621440
13/07/2017;179,83;182,61;169,57;171,24;24269400;1334790912
14/07/2017;171,48;171,91;156,49;161,08;26831900;1273130112
15/07/2017;161,28;163,43;139,91;140,14;30810000;1197755392
16/07/2017;139,65;143,54;119,17;132,64;35385900;1037359744
17/07/2017;132,34;154,91;132,34;153,85;32658200;983325248
18/07/2017;154,5;165,7;146,26;158,07;28103500;1148328320
19/07/2017;157,98;170,25;153,87;155,65;28281400;1174488960
20/07/2017;154,85;193,87;154,85;188,59;98932600;1151532032
21/07/2017;188,58;193,8;180,68;185,86;32884200;1402756096
22/07/2017;186,13;195,55;185,55;195,31;23312700;1384831360
23/07/2017;195,02;195,74;187,26;191,03;31110400;1451389952
24/07/2017;191,11;216,62;187,29;204,02;90278800;1422687616
25/07/2017;204,04;212,4;189,02;195,52;84970400;1519340672
26/07/2017;195,49;200,88;189,33;194,37;38380000;1456067200
27/07/2017;195,08;199,43;192,47;194,09;26363200;1453370112
28/07/2017;194;196,91;181,57;185,61;30108800;1445722624
29/07/2017;185,11;187,66;169,34;185,25;40505200;1379864320
30/07/2017;185,45;187,95;172,46;172,82;25327200;1382708224
31/07/2017;173,15;180,05;171,76;178,51;29249300;1291385088
01/08/2017;179,2;186,23;177,26;184,75;34656300;1336811008
02/08/2017;185,15;186,24;181,42;182,93;19076200;1381628928
03/08/2017;183,17;189,19;180,28;186,99;25612400;1367149568
04/08/2017;186,92;189,96;186,13;186,97;28791800;1395516416
05/08/2017;186,96;195,55;185,73;193,83;41127900;1397057152
06/08/2017;193,71;195;188,43;189,13;25336000;1447879424
07/08/2017;189,07;197,91;187,05;197,19;32441600;1413570432
08/08/2017;196,58;205,5;194,97;203,85;35117200;1470123520
09/08/2017;203,74;205,87;193,33;199,21;31657100;1524036608
10/08/2017;199,56;205,54;195,78;200,96;30972000;1493198720
11/08/2017;200,82;209,11;199,59;205,79;28677400;1502994304
12/08/2017;206,22;210,64;201,38;205,49;30017500;1543823488
13/08/2017;205,59;207,19;192,14;198,17;36281800;1539488768
14/08/2017;198,32;202,89;195,35;199,44;29888400;1485503232
15/08/2017;199,8;206,13;192,73;203,52;37532600;1496918528
16/08/2017;203,85;233,53;198,92;232,02;63100100;1527710848
17/08/2017;231,58;260,6;229,08;233,62;98375504;1735995264
18/08/2017;233,84;240,41;219,42;224,28;50324200;1753346688
19/08/2017;224,67;329,98;224,67;288,7;220487008;1685042304
20/08/2017;288,2;327,25;287,82;294,2;107973000;2162078208
21/08/2017;293,77;300,52;275,94;279,58;58023900;2204482560
22/08/2017;280,29;299,98;260,53;291,5;74971200;2103902592
23/08/2017;290,46;299,14;287,73;292,57;47798300;2180790528
24/08/2017;292,96;315,37;291,18;315,37;58804500;2200133120
25/08/2017;317,91;320,65;306,68;315,89;53632700;2388161792
26/08/2017;315,28;409,77;315,28;399,85;267415008;2369008128
27/08/2017;400,42;400,63;358,23;362,89;121516000;3009528576
28/08/2017;362,5;369,19;351,23;356,78;57630700;2725216000
29/08/2017;357,16;367,34;354,49;359,55;50014900;2685755392
30/08/2017;359,59;375,7;358,69;368,34;44586300;2704787712
31/08/2017;368,57;380,34;368,17;378,32;34978600;2773030656
01/09/2017;377,92;393,35;376,34;393,35;55440700;2844111104
02/09/2017;393,53;395,92;329,27;350,17;54813400;2962403584
03/09/2017;354,63;373,08;338,23;356,39;34945200;2670266368
04/09/2017;356,94;357,21;301,84;316,13;44170200;2689923840
05/09/2017;316,88;333,83;286,53;327,23;53928800;2388707584
06/09/2017;328,15;348,45;326,95;347,17;35294300;2474298112
07/09/2017;346,45;347,57;333,8;343,91;24715700;2612980224
08/09/2017;343,53;368,17;317,95;333,21;63012500;2591569408
09/09/2017;334,95;335,13;313,69;323,14;23244600;2527540480
10/09/2017;323,24;323,24;295,86;320,11;27435400;2439782400
11/09/2017;322,02;332,12;315,91;318,4;25159900;2431233280
12/09/2017;318,42;328,6;318,42;325,97;27190400;2404675072
13/09/2017;324,72;325,16;287,25;301,29;28322500;2452929536
14/09/2017;301,11;303,74;236,24;236,24;35013800;2275104256
15/09/2017;236,05;300,11;220,51;284,36;72695504;1784044032
16/09/2017;284,51;301,23;276,57;298,86;43702600;2150800640
17/09/2017;298,59;315,58;278,17;313,84;38081600;2257852160
18/09/2017;311,89;335,44;311,89;333;56189000;2359074048
19/09/2017;333,64;334,27;312,91;324,26;34362500;2524201472
20/09/2017;323,78;351,18;316,72;342,43;74246200;2450241280
21/09/2017;342,41;369,07;321,81;330,05;146454000;2591905792
22/09/2017;331,11;355,74;331,11;346,58;90613000;2507059200
23/09/2017;346,76;358,44;342,39;350,79;55928100;2626220544
24/09/2017;350,4;358,04;331,17;331,85;111537000;2654464512
25/09/2017;330,63;346,35;330,63;345,09;58356100;2505380096
26/09/2017;345,08;349,49;338,35;339,1;45406700;2615516416
27/09/2017;338,7;348,49;337,58;346,43;52033700;2567811840
28/09/2017;345,97;346,54;328,83;338,25;49620000;2623640320
29/09/2017;337,93;338,89;318,7;327,7;38011000;2563337216
30/09/2017;327,34;331,81;326,16;327,14;27802400;2483630592
01/10/2017;326,95;327,5;315,77;315,8;25835800;2481303040
02/10/2017;315,95;320,79;306,57;308,68;29696600;2398503424
03/10/2017;308,56;310,21;291,7;296,23;37104400;2342993408
04/10/2017;296,74;315,79;296,74;305,46;40983500;2255222784
05/10/2017;305,39;307,54;296,74;305,4;27180400;2321545472
06/10/2017;305,25;311,21;304,36;306,88;22935800;2321081856
07/10/2017;307,54;314,22;303,77;310,49;27552700;2339082752
08/10/2017;310,25;315,02;301,11;302,48;33683300;2360304384
09/10/2017;299,7;300,84;271,83;283,67;52085800;2280674816
10/10/2017;283,55;296,02;280,08;291,27;32941200;2158330880
11/10/2017;291,41;301,5;286,64;298,4;26434900;2218759936
12/10/2017;298,12;298,4;290,04;291,91;42625600;2270417152
13/10/2017;292,39;311,69;289,19;310,38;69258496;2227333376
14/10/2017;310,23;319,02;306,94;316,7;43951700;2363834624
15/10/2017;317,01;317,01;294,34;309,51;45301300;2416144640
16/10/2017;309,46;310,98;300,75;302,21;38139700;2359249920
17/10/2017;302,28;304,33;298,17;299,89;42569400;2305093376
18/10/2017;300,02;300,19;280,05;297,27;38693900;2288448768
19/10/2017;297,85;300,16;291,89;295,47;30741800;2272422400
20/10/2017;295,41;301,66;288,19;289,19;47125400;2254405632
21/10/2017;288,95;290,12;272,08;277,86;47244600;2205721600
22/10/2017;277,93;283,88;269,73;275,7;46070400;2122130048
23/10/2017;275,44;291,24;263,91;284,23;52259300;2103632896
24/10/2017;283,94;302,65;277,2;293,2;59674600;2169121536
25/10/2017;294,47;298,78;283,92;289,14;43986700;2250184192
26/10/2017;289,03;292,41;282,78;286,14;49309000;2209127936
27/10/2017;286,14;289,13;279,33;280,48;38421900;2187651584
28/10/2017;281,42;287,92;272,36;275,68;47092100;2152090112
29/10/2017;275,25;288,6;275,25;283,93;75483104;2105424768
30/10/2017;283,65;287,69;282,33;285,95;40805700;2170290944
31/10/2017;285,39;286,21;278,73;279,15;50260500;2184114688
01/11/2017;278,5;279,67;270,77;271,56;50960300;2131957760
02/11/2017;271,79;272,78;251,56;265,3;72437904;2081129088
03/11/2017;263,89;281,39;262,98;278,59;62984900;2021200512
04/11/2017;278,58;280,96;271,31;274,68;49462600;2135919488
05/11/2017;274,33;277,01;270,29;273,17;41028900;2103895040
06/11/2017;273,47;280,44;268,46;275,68;60053700;2097824512
07/11/2017;274,87;304,55;274,87;293,38;92431200;2109121152
08/11/2017;293,04;316,63;289,09;316,33;103556000;2249045504
09/11/2017;315,48;337,23;311,82;326,01;110840000;2421911040
10/11/2017;325,27;353,36;308,46;329,57;116352000;2497713664
11/11/2017;331,43;349,08;321,04;346,06;88651000;2545673728
12/11/2017;345,68;536,12;327,8;536,12;476198016;2655838208
13/11/2017;507,05;530,94;403,5;427,37;310886016;3896623104
14/11/2017;428,31;447,92;408,95;427,54;123854000;3292372736
15/11/2017;428,08;444,38;418,47;424,41;103157000;3291453184
16/11/2017;424,51;427,85;412,84;418,18;97321296;3264810240
17/11/2017;420,59;436,02;412,45;424,98;95099296;3235510016
18/11/2017;424,35;483,1;423,24;454,74;145255008;3265284096
19/11/2017;455,36;455,66;431,79;442,31;82954600;3504785408
20/11/2017;442,03;502,53;438,42;486,54;104701000;3403033088
21/11/2017;500,24;519,42;454,48;494,21;245163008;3852177408
22/11/2017;494,76;594,53;494,29;578,85;381958016;3810976512
23/11/2017;577,25;583,73;557,12;566,68;173698000;4447480832
24/11/2017;564,34;573,2;553,58;566,64;129105000;4349115392
25/11/2017;566,96;656,14;566,96;643,57;242807008;4370403840
26/11/2017;641,46;646,28;617,74;621,62;145500000;4945950720
27/11/2017;621,15;638,95;611,79;632,3;134862000;4790588928
28/11/2017;632,44;637,06;616,31;626,42;149795008;4878963200
29/11/2017;626,26;815,01;625,36;677,4;415879008;4832506880
30/11/2017;681,13;826,95;670,99;786,93;498872000;5257212416
01/12/2017;787,47;806,37;756,48;797,53;286044000;6079554048
02/12/2017;797,9;802,12;769,39;778,43;188147008;6161690624
03/12/2017;778,78;806,7;744,39;768,88;192447008;6015563264
04/12/2017;770,57;778,05;738,59;774,01;152280992;5957855744
05/12/2017;774,71;779,98;754,27;756,36;201103008;5991365120
06/12/2017;756,01;785,18;692,02;700,07;249072992;5848269312
07/12/2017;699,98;714,51;667,83;697,9;249304992;5416261120
08/12/2017;700,68;766,04;659,86;726,67;288291008;5423043072
09/12/2017;727,64;774,65;707,32;723,61;211738000;5633104896
10/12/2017;723,23;723,83;645,16;688,67;190183008;5600430592
11/12/2017;688,55;768,93;688,16;765,4;184131008;5333192704
12/12/2017;765,96;948,65;746,94;932,03;370539008;5934336512
13/12/2017;925,02;931,21;810,96;886,89;268426000;7168443904
14/12/2017;884,21;968,47;866,64;941,1;259303008;6853968384
15/12/2017;943,32;947,28;850,63;900,52;191527008;7313960960
16/12/2017;901,22;1001,51;897,29;1001,51;195788000;6989351936
17/12/2017;1014,51;1178,18;1014,51;1105,92;460593984;7869957632
18/12/2017;1110,16;1195,74;1044,76;1167,12;278638016;8614193152
19/12/2017;1165,03;1254,28;1126,85;1186,63;302868992;9042193408
20/12/2017;1184,92;1642,22;1167,3;1550,85;816872000;9198859264
21/12/2017;1555,59;1622,26;1371,39;1434,82;476900000;12079586304
22/12/2017;1441,9;1452,45;864,37;1179,01;510588000;11199566848
23/12/2017;1198,74;1362,96;1160,04;1275,5;327128992;9313255424
24/12/2017;1286,73;1286,73;1090,21;1184,69;230643008;9999392768
25/12/2017;1190,53;1235,22;1162,45;1175,89;195124000;9254180864
26/12/2017;1173,71;1227,72;1169,34;1222,83;231984992;9125788672
27/12/2017;1227,95;1255,25;1163,47;1189,89;211339008;9549873152
28/12/2017;1188,51;1188,67;1063,81;1160,57;190296000;9245506560
29/12/2017;1165,88;1187,55;1070,62;1147,95;195176992;9071758336
30/12/2017;1147,48;1147,48;948,24;1011,47;184834000;8930899968
31/12/2017;1002,99;1093,39;985,1;1051,68;154690000;7808253952
01/01/2018;1054,07;1072,42;1016,57;1053,98;138567008;8207993344
02/01/2018;1055,14;1241,7;1055,14;1217,72;257110000;8218419712
03/01/2018;1208,84;1216,57;1144,69;1170,74;175843008;9422639104
04/01/2018;1173,71;1316,86;1097,56;1229,79;284844992;9151080448
05/01/2018;1221,63;1273,36;1151,11;1152,41;237504000;9527169024
06/01/2018;1157,09;1279,47;1147,49;1265,03;215058000;9026111488
07/01/2018;1266,43;1394,28;1266,43;1285,43;230576000;9881506816
08/01/2018;1283,36;1320,28;1007,55;1087,75;215239008;10016158720
09/01/2018;1085,75;1134,49;1055,21;1111,86;220568992;8476038144
10/01/2018;1115,48;1117,33;1041,39;1106,36;231944000;8710308864
11/01/2018;1103,03;1110,68;973,07;1007,88;176591008;8615278592
12/01/2018;1013,06;1069,42;982,91;1054,87;142442000;7914547200
13/01/2018;1054,88;1125,29;1054,88;1100,26;174387008;8243347456
14/01/2018;1098,06;1110,54;996,49;1014,07;168878000;8582895104
15/01/2018;1006,43;1030,9;939,19;939,19;179247008;7868674048
16/01/2018;937,57;937,57;644,54;759,61;273462016;7332157440
17/01/2018;758,29;827,18;619,58;793,57;197476992;5931599360
18/01/2018;800,02;892;760,48;835,49;172728992;6259569152
19/01/2018;833,3;875,41;805,67;846,16;126837000;6521629184
20/01/2018;853,05;959,04;848,98;926,12;162376000;6677869568
21/01/2018;928,13;930,18;802,41;818,27;109775000;7267444224
22/01/2018;825,69;847,58;710,57;763,2;100651000;6466925568
23/01/2018;763,13;796,99;692,93;757,34;110265000;5978456576
24/01/2018;757,11;797,54;734,41;775,11;116898000;5932762112
25/01/2018;788,77;819,09;782,13;795,66;114378000;6182432768
26/01/2018;793,92;815,83;741,85;782,41;100517000;6224305664
27/01/2018;782,87;788,67;753,37;773,84;115618000;6139284992
28/01/2018;777,05;815,91;767,28;812,24;122949000;6095129600
29/01/2018;811,84;818,31;747,13;767,69;114750000;6369620992
30/01/2018;767,73;781,68;675,32;676,91;112419000;6025039872
31/01/2018;678,93;699,31;654,86;697,46;97657104;5329558528
01/02/2018;698,79;704,55;582,21;617,04;109256000;5486818304
02/02/2018;616,62;616,62;453,43;586,88;143263008;4842828800
03/02/2018;589,17;645,85;533,25;637,37;83763696;4631428608
04/02/2018;637,01;649,37;533,99;549,96;80706600;5008815104
05/02/2018;545,32;553,6;435,42;451,43;78015400;4288888064
06/02/2018;454,17;533,55;383,97;528,5;114171000;3572916992
07/02/2018;524,7;584,48;493,67;521,99;79763600;4128774912
08/02/2018;520,91;609,47;520,91;605,01;90716704;4099996928
09/02/2018;606,76;638,33;577,45;637,82;93581200;4776922112
10/02/2018;639,42;672,16;604,84;634,1;116397000;5035304448
11/02/2018;633,43;633,43;561,91;580,02;81111400;4989407744
12/02/2018;582,83;626,77;582,83;620,56;76646200;4591910400
13/02/2018;622,11;625,75;583,4;595,47;73287296;4902658560
14/02/2018;593,59;685,12;593,59;678,98;138992000;4679076864
15/02/2018;679,79;705,67;667,21;703,86;116822000;5359910912
16/02/2018;702,53;722,02;684,28;698,86;100343000;5540570112
17/02/2018;699,13;748,89;693,64;742,16;116106000;5515087360
18/02/2018;744,09;747,42;673,57;689,28;96752600;5871023104
19/02/2018;687,7;731,11;687,22;728,73;89328600;5427639296
20/02/2018;728,99;738,74;685,04;685,04;126208000;5754974720
21/02/2018;688,38;721,26;667,52;670,39;132954000;5435712512
22/02/2018;669,85;687,65;599,44;632,96;102483000;5290716160
23/02/2018;631,64;650,14;607,84;631,66;83578600;4990196224
24/02/2018;631,36;645,01;579,09;595,01;85813200;4989213184
25/02/2018;594,43;602,26;578,82;591,69;71436304;4698525696
26/02/2018;591,43;629,42;581,29;621,27;73748304;4676021760
27/02/2018;622,41;644,3;608,42;615,85;93478200;4922166784
28/02/2018;615;621,4;584,29;584,29;99014400;4864747008
01/03/2018;584,14;622,67;582,31;617,53;104167000;4621817856
02/03/2018;616,47;620,54;597,55;603,63;102460000;4878823936
03/03/2018;602,16;615,06;595,72;610,52;111384000;4766802944
04/03/2018;610;621,47;594,71;620,48;118065000;4830050304
05/03/2018;620,88;621,26;608,79;614,58;121584000;4921524224
06/03/2018;613,68;613,68;564,19;578,51;118674000;4865669120
07/03/2018;578,14;586,74;501,81;513,74;108981000;4584985600
08/03/2018;511,74;531,48;484,65;493,82;104108000;4059466752
09/03/2018;492,66;499,86;440,97;499,5;113806000;3909042944
10/03/2018;499,36;528,35;479,01;484,35;91266096;3963219712
11/03/2018;483,6;548,41;469,99;531,8;100122000;3839096064
12/03/2018;531,15;549,33;486,33;501,3;85381400;4217570816
13/03/2018;499,24;514,01;479,87;487,37;83317104;3965155072
14/03/2018;487,36;493,49;419,03;426,26;96938400;3871813888
15/03/2018;425,95;431,43;393,73;418,24;93514000;3384791040
16/03/2018;418,54;432,67;402,88;425,52;97572200;3326679296
17/03/2018;426,3;427,39;383,16;387,28;95970496;3389249024
18/03/2018;388,18;394,15;342,51;394,15;117296000;3086952192
19/03/2018;392,32;409,32;368,52;409,32;113994000;3120597248
20/03/2018;412,49;442,05;399,17;428,88;109677000;3281833472
21/03/2018;429,15;450,64;424,79;434,51;115173000;3415281152
22/03/2018;434,44;438,4;398,59;411,36;96356400;3458222592
23/03/2018;411,27;427,46;392,33;427,46;105668000;3274582016
24/03/2018;432,17;459,2;424,61;424,61;111372000;3441791488
25/03/2018;420,02;423,19;409,39;411,79;102753000;3345718784
26/03/2018;410,73;413,66;372,97;390,87;107776000;3272471296
27/03/2018;390,24;392,19;354,23;354,75;88373400;3109949440
28/03/2018;354,93;368,52;348,56;351,26;107592000;2829258496
29/03/2018;350,85;351,36;317,97;329,28;101243000;2797315072
30/03/2018;328,65;331,36;303,44;311,12;83525600;2620920320
31/03/2018;310,91;328,29;304,43;305,76;72144400;2480034048
01/04/2018;306,21;311,11;285,68;291,53;84000096;2443114496
02/04/2018;292,64;311,81;288,98;311,81;72383600;2335337728
03/04/2018;312,64;342,02;311,93;339,85;90557504;2495598848
04/04/2018;339,84;340,33;298,09;299,85;74811696;2715410688
05/04/2018;300,25;304,66;290,07;301,65;66728700;2399571712
06/04/2018;300,65;302,8;284,21;285,45;61683100;2403375104
07/04/2018;285,72;308,67;285,17;297,8;60452100;2284545024
08/04/2018;297,94;314,1;297,79;310,85;63050000;2382776832
09/04/2018;311,26;321,83;293,13;298,4;69226600;2489855488
10/04/2018;298,65;300,85;293,22;298,81;71283200;2389533440
11/04/2018;299,51;309,42;296,69;309,42;70827504;2396991232
12/04/2018;308,94;354;305,76;353,8;89128200;2473014272
13/04/2018;355,67;388,31;346,61;353,07;93868000;2847728128
14/04/2018;352,53;374,76;350,53;356,14;77555400;2823207936
15/04/2018;356,67;384,68;356,67;381,7;87933504;2857030656
16/04/2018;381,8;381,8;355,49;363,58;78933104;3059013632
17/04/2018;364,04;377,03;360;363,85;76948496;2917357824
18/04/2018;363,41;421,93;362,33;421,18;114930000;2912952320
19/04/2018;420,83;433,79;407,43;431,33;104800000;3373979904
20/04/2018;431,57;464,41;426,38;460,41;113061000;3460900608
21/04/2018;461,26;461,26;427,39;444,5;92526096;3699865088
22/04/2018;444,55;478,45;440,24;467,71;100845000;3566633216
23/04/2018;466,9;524,05;460,84;503,39;148591008;3746806528
24/04/2018;504,88;541,29;504,88;530,13;140408992;4052500992
25/04/2018;527,81;528,05;449,23;461,01;125297000;4237510144
26/04/2018;463,11;504,12;450,95;503,86;132803000;3718972672
27/04/2018;504,29;504,29;471,57;472,06;108192000;4050555648
28/04/2018;470,74;500,29;469,61;494,11;101078000;3781975040
29/04/2018;494,3;505,19;478,62;498,69;101137000;3972134144
30/04/2018;498,44;499,43;472,02;472,77;118497000;4006279680
01/05/2018;473,16;478,9;455,47;478,9;101299000;3803986176
02/05/2018;478,17;482,65;461,84;481,49;129694000;3845140992
03/05/2018;481,56;511,29;480;503,32;124091000;3873300480
04/05/2018;502,68;502,68;480;486,32;150130000;4047056128
05/05/2018;486,32;508,47;485,69;505,71;113858000;3916180224
06/05/2018;506,06;521,14;482,57;485,22;97449000;4076099328
07/05/2018;485,74;486,01;448,33;457,99;108330000;3913318656
08/05/2018;458,76;467;438,34;443,78;98776400;3696823552
09/05/2018;443,13;446;416,56;443,16;102561000;3571640064
10/05/2018;443,15;460,73;420,41;421,34;100427000;3572622336
11/05/2018;421,61;424,12;389,61;394,21;108972000;3399777792
12/05/2018;389,24;409,24;379,01;404,53;77808896;3139458816
13/05/2018;404,11;421,23;395,07;416,84;99754096;3260121344
14/05/2018;416,49;447,55;390,87;432,71;157680992;3360741888
15/05/2018;432,18;451,96;424,23;429,34;174088000;3488122624
16/05/2018;429,32;429,32;399,22;412,6;177326000;3465857792
17/05/2018;413,03;417,8;385,22;387,41;198663008;3335080704
18/05/2018;387,96;396,43;376,92;395,89;125453000;3133355520
19/05/2018;395,93;402,83;385,72;386,53;99795000;3198482688
20/05/2018;386,9;404,25;384,95;402,08;94187200;3126225408
21/05/2018;402,51;404,68;384,66;384,79;85493504;3253112064
22/05/2018;384,6;386,4;359,02;360,39;78835696;3109022976
23/05/2018;360,45;361,04;331,37;340,67;80860800;2914436096
24/05/2018;340,42;348,99;325,95;343,71;93794600;2753148416
25/05/2018;344,45;346,97;329,97;339,71;83410200;2786342912
26/05/2018;339,3;339,48;321,57;321,79;86956800;2745303296
27/05/2018;321,72;322,87;313,18;315,97;85613504;2603642368
28/05/2018;315,96;320,37;288,02;288,44;84403696;2557648128
29/05/2018;288,37;318,53;286,14;316,1;98299696;2334856448
30/05/2018;316,89;319,14;297,97;304,14;74927104;2566322176
31/05/2018;303,42;314,66;300,9;306,25;81447904;2457786880
01/06/2018;304,94;316,02;301,66;315,35;82723800;2470670080
02/06/2018;315,34;326,78;310,95;321,43;80244496;2555532288
03/06/2018;322,31;334,65;321,38;331,19;75377104;2612613888
04/06/2018;330,73;334,1;312,33;316,89;79868600;2683404800
05/06/2018;317,03;319,86;307,91;317,42;79467904;2572798720
06/06/2018;317,56;319,52;307,71;314,55;75630800;2577682432
07/06/2018;314,4;318,47;311,96;312,67;75098896;2552661504
08/06/2018;312,64;316,39;303,59;310,7;68043600;2538881024
09/06/2018;310,5;313,02;299;299;76867504;2522065152
10/06/2018;299,5;300,49;271,59;274,04;72081400;2433327872
11/06/2018;273,82;279,11;260,75;271,81;66282200;2225151232
12/06/2018;270,25;276,97;259,55;261,12;70134304;2196634112
13/06/2018;261,78;262,33;241,77;245,96;116406000;2128295296
14/06/2018;245,91;270,58;245,64;268,32;112286000;1999746688
15/06/2018;268,27;270,09;256,45;258,06;146774000;2182010880
16/06/2018;257,24;268,16;256,03;266,17;129594000;2092811136
17/06/2018;266,6;270,87;262,93;265,77;119911000;2169446912
18/06/2018;264,75;267,79;251,96;265,46;138831008;2154879232
19/06/2018;265,38;271,04;259,51;261,52;144064000;2160455424
20/06/2018;262,4;265,65;254,47;265,3;93710200;2136712064
21/06/2018;265,52;268,98;259,62;260,83;50978600;2162574848
22/06/2018;260,89;261,55;233,42;236,48;58715100;2125365248
23/06/2018;236,82;248,37;236,39;243,01;55232200;1929668224
24/06/2018;242,93;243,88;227,58;238,04;107736000;1979939200
25/06/2018;237,62;246,21;235,68;241,2;129569000;1937108352
26/06/2018;241,22;241,61;229,01;230,96;185207008;1966842368
27/06/2018;231,92;231,92;224,62;229,2;152626000;1891476608
28/06/2018;229,32;229,64;218,07;219,82;164232992;1870710144
29/06/2018;219,49;238,45;217,36;234,24;144490000;1790867968
30/06/2018;234,46;244,09;232;238,36;104743000;1913507584
01/07/2018;239,14;240,26;231,65;235,7;206254000;1952086272
02/07/2018;235,71;252,16;234,73;249,79;156646000;1924494848
03/07/2018;248,81;259,48;238,1;238,34;188614000;2031917824
04/07/2018;238,26;254,13;230,39;245,19;233191008;1947742720
05/07/2018;245,65;250,66;239,27;241,29;226226000;2008553344
06/07/2018;242,33;242,55;235,9;241,76;206210000;1981867008
07/07/2018;241,59;248,11;237,03;247,63;151578000;1976218752
08/07/2018;246,87;249,26;241,8;243,54;170284992;2019881216
09/07/2018;243,51;244,93;230,91;232,42;163096992;1992845056
10/07/2018;232,18;232,54;220,61;220,61;174620992;1900511616
11/07/2018;220,8;224,91;214,83;218,4;237408000;1807767552
12/07/2018;218,17;218,17;208,23;212,13;239220992;1786652032
13/07/2018;212,05;241,43;212,05;219,56;240115008;1736941440
14/07/2018;218,88;226,11;216,41;224,66;122131000;1793297280
15/07/2018;224,57;234,56;221,44;231,64;144706000;1840324864
16/07/2018;232,13;249,64;229;246,58;159618000;1902711296
17/07/2018;246,73;263,94;244,65;259,96;216190000;2022806912
18/07/2018;259,99;270,26;259,27;265,53;251270000;2131997568
19/07/2018;265,26;270,73;255,7;260,13;213808992;2175686656
20/07/2018;260,43;282;247,79;248,45;172104992;2136556800
21/07/2018;248,4;255,83;241;254,92;137596000;2038292864
22/07/2018;255,07;259,99;247,67;250,58;163632992;2093517952
23/07/2018;250,36;258,48;240,84;241,47;176091008;2055315712
24/07/2018;241,82;254,38;238,78;254,18;107106000;1985673728
25/07/2018;251,07;254,41;240,67;246,94;131916000;2062037120
26/07/2018;244,35;249,74;241,49;241,9;130621000;2007360000
27/07/2018;242;253,57;235,38;243,93;111515000;1988498432
28/07/2018;244,06;244,88;239,08;241,03;94602704;2005865984
29/07/2018;241,28;243,01;237,36;240,42;64928800;1983442304
30/07/2018;240,21;240,21;231,33;235,16;371534000;1975088492
31/07/2018;235,74;235,8;213,68;218,37;100782000;1938751710
